title,channel,genre
GOD STYLE  | YO YO HONEY SINGH | Hommie Dilliwala | Full Video,Yo Yo Honey Singh,rap
Boom Shaka (Official Music Video) | KR$NA |  Dhanda Nyoliwala,KRSNA,rap
SHAKALAKA BOOM BOOM OFFICIAL  MV 4K || ADI BAWA || JRM BAWA || HELIUM || NEW SAMBALPURI RAP SONG ||,A.D.I BAWA,rap
PRISON - MEMIIXYZ (Official Music Video) | Emotional Hindi Urdu Rap Song | Sad Rap | One Sided Love,Memiixyz,rap
UP Ka Thumka Lagana Padega ( Pagla Pagli 3 ) Kolkata Rap Tera Bhai ZB New Song Video 2021 |,MR.N3Redn,rap
Moth Mothe Gar Kele | Mothe Mothe Gar Kele Gammat Madhi |  Sambata Rap - PS REMIX | Marathi Dj Song,PS REMIX ,rap
Dard Aur Dava - Joshi G | New Sad Hindi Rap Song 2024 | Official Audio | Latest Hindi Rap Song,Joshi G,rap
Kolkata Rap Song -ZB (official music video) Kolkata Rap song | Kolkata Song | Kolkata Hip-Hop,Official ZB,rap
Pagla Pagli 2 Rap Song - ZB (Official music video),Official ZB,rap
RCR rap song@Rcrrapstar #videosong#rapsong#rcrrapstar,HUSSAIN-PANHWAR,rap
EMIWAY BANTAI X TOKEN - #SADAK 2.0 | PROD BY - PSYIK |OFFICIAL MUSIC VIDEO|,Emiway Bantai,rap
EMIWAY BANTAI  - DUBAI COMPANY | OFFICIAL MUSIC VIDEO,Emiway Bantai,rap
Hey Madhav | Narci | My Words with Madhav | Hindi Rap Song,NARCI,rap
Dhanda Nyoliwala - Russian Bandana (Music Video) | Deepesh Goyal | VYRL Haryanvi,VYRL Haryanvi,rap
DIVINE - 3:59 AM | Prod. by Stunnah Beatz | Official Music Video,DIVINE,rap
Same Beef Song | BOHEMIA | Ft. Sidhu Moose Wala | Byg Byrd | Punjabi Song | Rap Song | Music Video,YRF,rap
🎤 Motivational Rap Song | Never Give Up | Hustle Hard 🎶,Suno.Dil.Se.24,rap
Panther - 3-0 (Official Audio),Panther,rap
Badnam - hindi Rap Mix official Music 🎶,Aru-N Music,rap
KR$NA - Knock Knock | Prod. by Phenom | Official Music Video,KRSNA,rap
SRN TAKAT Official music video 2025(￼ @prodby-chetan),Sadbhavana films Kannada SRN,rap
DEVEL - DEAD LETTER | HINDI RAP SONG,DEVEL,rap
Kalyug ka Manav | Hindi Rap Song By LUCKE,LUCKE,rap
EMIWAY BANTAI X MC R1 - CHHABI KAR | (PROD. BY MEMAX) | OFFICIAL MUSIC VIDEO | CNSTNCY,Emiway Bantai,rap
Bhau A Maza - Mau Patil (Official Music Video) | NEW #MARATHI RAP SONG,MAU PATIL,rap
Dharkari 2 - Dharkari  (Official Music Video) Prod.by Ranjith,DHARKARI,rap
DEVEL - BAIRAAGI | HINDI RAP SONG,DEVEL,rap
JAXK :- AMA | Prod by TONY JAMES | OFFICIAL MUSIC VIDEO,JAXK,rap
Paisa Nahi Toh Kaun | Paisa Hindi Rap 2026| Sad Reality Rap Song | Heart Touching Hindi Rap 2026,Hardik Singh,rap
Rahul Dit-O | That&#39;s OK | The Middle Class Anthem | Official Music Video | 2025,Rahul Dit-O,rap
ICEBOY - MUSIC VIDEO | ASAL KOLAAR | MASS APPEAL | DIR.BY DINESU | PROD.BY SHIV PAUL,Asal Kolaar,rap
MODEL | OFFICAL MUSIC VIDEO | MC BLACK | 2025 | PROD . ENEMY,MC BLACK ,rap
KR$NA - I Guess | Official Music Video,KRSNA,rap
KAFAN - MEMIIXYZ (Official Music Video) | Deep Emotional Rap Song | Dark Hindi Urdu Poetry | Sad Rap,Memiixyz,rap
&#39;MAIN LAGTA KAUN?&#39; - Prathamesh | Prod by. Teja | Official Music Video | Def Jam India,Prathamesh ,rap
Aryan Kelvin - Official Rap Song | New Hip Hop 2026 | Underground Rap,Platinum.Music.,rap
Bonalu Rap Song 2025 || Telangana Style Beat || @M3SAI  Dj Tinku,Dj Tinku,rap
Panther - Non Talha (Official Music Video),Panther,rap
MANIYA l SAIYAA l ft.@akshaybunker1998 l Roshni jee l prod.@anand-07-Music  l MV l 2026,The Maniya,rap
NO LOVE - MEMIIXYZ (Official Music Video) | Emotional Hindi Urdu Rap Song | Deep Poetic Rap Song,Memiixyz,rap
MANIYA - NIKAMMA  || PROD BY HOPELESS RA!N || MAITHILI RAP SONG || 2022,The Maniya,rap
CHARSII - MC POP100 l PROD BY @itsmoreluv OFFICIAL MUSIC VIDEO,MC POP100,rap
KHUDGARZ- hindi Rap Mix official Music by MONÃA ,MONÃA,rap
CHOM RE BHANJA CHOM || JRM BAWA × SIXTY || OFFICIAL VIDEO || SAMBALPURI RAP SONG || 2026,JRM Bawa,rap
करेजा फिल्मी हीरोइन || Bhojpuri Rap Song || Official Videos || Sohan X Tanya || Rajesh Roy ||,Rapper Sohan Official,rap
EMIWAY BANTAI - PRIMO |PROD BY. EMIWAY BANTAI | OFFICIAL MUSIC VIDEO | CNSTNCY,Emiway Bantai,rap
Thamizh - Rare Piece Vanjaram (Music Video)  | Dinesu | Think Indie,Think Music India,rap
Big Boss Kannada Rap Song 🔥 #gilli #bigbosskannada #bbk12 #bigbossgilli,Todays beats,rap
Jan Chetna - DK x MadhesiBeats | Official Music Video | Maithili Rap,MadhesiBeats,rap
HAMAR CHHATTISGARH | Underground AB | Prod.By - Rex-E Music | Official Music  2025.,Underground AB,rap
Official: Issey Kehte Hain Hip Hop Full Video Song | Yo Yo Honey Singh | World Music Day,T-Series,rap
Adi Podi - Music Video | Meesaya Murukku 2 | Hiphop Tamizha | Ketika Sharma,Saregama Tamil,rap
Life For Hip Hop (Official Audio) Cheema Y | Gur Sidhu,Brown Town Music,rap
Aura 10/10 - Music Video | Meesaya Murukku 2 | Hiphop Tamizha | Ketika Sharma,Saregama Tamil,rap
Mercy - Badshah Feat. Lauren Gottlieb | Official Music Video | Latest Hit Song 2017,Sony Music India,rap
Goindhamma - Music Video | Meesaya Murukku 2 | Hiphop Tamizha | Ramya Ranganathan,Saregama Tamil,rap
Aye Hip Hopper - ishQ Bector ft Sunidhi Chauhan | Amruta Khanvilkar [OFFICIAL VIDEO],ishQ Bector,rap
MILLIONAIRE SONG (Full Video): @YoYoHoneySingh  | GLORY | BHUSHAN KUMAR,T-Series,rap
"Hanumankind, Kalmi - Hanumankind – Big Dawgs | Prod. Kalmi (Official Music Video) | Def Jam India",HanumankindVEVO,rap
50 Cent - In Da Club (Official Music Video),50CentVEVO,rap
CENTRAL CEE FT. LIL BABY - BAND4BAND (MUSIC VIDEO),Central Cee,rap
Shubh - Cheques (Official Music Video),SHUBH,rap
DaBaby - BOP On Broadway (Hip Hop Musical),DaBabyVEVO,rap
Vaadi Pulla Vaadi - Video Song | Meesaya Murukku | Hiphop Tamizha | Vivek | Sundar.C,Think Music India,rap
Drake - One Dance (Lyrics) ft. Wizkid &amp; Kyla,Billion Stars,rap
Yeh Kaali Kaali Aankhen (Farooq Got Audio Remix) | Baazigar | Hip Hop/Trap Mix,Farooq,rap
Blue Eyes Full Video Song Yo Yo Honey Singh | Blockbuster Song Of 2013,T-Series,rap
Hip Hop Pammi | Mika Singh | Monali Thakur | Ramaiya Vastavaiya | 2013 | Bollywood Blockbuster Song,Bollywood Dhamaka,rap
&#39;One Bottle Down&#39; Full Song with LYRICS | Yo Yo Honey Singh | T-SERIES,T-Series,rap
KHAMMA GHANI - THE U.D X @aadduz17 ( Official Music Video ),THE U.D,rap
Natpe Thunai | Vengamavan Video Song | Hiphop Tamizha | Anagha | Sundar C,Think Music India,rap
⚡Hard-Hitting Hip Hop Mix Vol.2 | 2000s Trap Energy × Old School Vibes,BeatboxX_X,rap
"OLD SCHOOL HIP HOP MIX Eminem, 50 Cent, Snoop Dogg, Ice Cube, 2Pac, Dr Dre, DMX, Xzibit, Method Man",Hollywood Remix,rap
"Aye Aye Aye - Official Video Song | Aambala | Vishal,Hansika | Sundar C | Hiphop Tamizha",Vishal Film Factory,rap
Hip Hop Tamizha | JukeBox || Tamil Hits | Hip Hop Tamizha Songs| DXB Music |Listen and Heal,நாம் தமிழர் தொலைக்காட்சி,rap
Baby (W/O Rap) · Justin Bieber #Dance Cover,Dance up ,rap
EMIWAY BANTAI  -  BADSHAH | (PROD BY TONY JAMES ) | OFFICIAL MUSIC VIDEO,Emiway Bantai,rap
90&#39;s Hip Hop Mix #01 | Best of Old School Rap Songs | Throwback Rap Classics | Westcoast | Eastcoast,DJ Noize,rap
BANNA - THE U.D X @LILURBAN  (Official Music Video),THE U.D,rap
Pappali Pazhamey - Music Video | Meesaya Murukku 2 | Hiphop Tamizha | Chaithra J Achar,Saregama Tamil,rap
"Meesaya Murukku Songs | Sakkarakatti Video Song | Hiphop Tamizha, Aathmika, Vivek",Think Music India,rap
"Snoop Dogg, Eminem, Ice Cube, 50 Cent, Lil Jon, 2Pac, Dr Dre, DMX - 90s HIPHOP MIX 🔥🔥🔥🔥",Latest Music,rap
"Pazhagikalam - Aambala | Full Video Song | Vishal, Hansika | Hiphop Tamizha",Vishal Film Factory,rap
DURYODHAN - BHID MAT | (PROD BY. SOUNDSCAPE) | OFFICIAL MUSIC VIDEO 2025,DURYODHAN 315,rap
STFU,AP Dhillon - Topic,rap
Eminem - Not Afraid,EminemVEVO,rap
2020s VS 2010s BEST Rap Songs?,Fiscoos elevated music opinions ,rap
"Imaikkaa Nodigal | Kadhalikathey Video Song | Hiphop Tamizha | Atharvaa, RaashiKhanna",Think Music India,rap
Koi Jaye To Le Aaye (Widen Tube Remix) | Ghatak (1996) | Hip-hop/Trap Mix,Widen Tube,rap
Ye Parda Hta Do | Hip Hop/Trap Mix | (Dushyant Khairwal Remix) | 80&#39;s Romentic song Hip Hop/Trap Mix,Dushyant Khairwal Official,rap
MAAZ | SAMBATA | OFFICIAL VIDEO | Prod.by Zerochill | MAAZ ALBUM | Def Jam India,SAMBATA__ 00,rap
Tip Tip Barsa Paani - Hip Hop Remix,Udit Narayan - Topic,rap
"LEGENDARY OLD SCHOOL HIP HOP MIX 🔥🔥🔥 Snoop Dogg, Dr. Dre, 50 Cent, 2Pac, Ice Cube, Eminem &amp; More",Deus em Casa,rap
HUMBLE.,Kendrick Lamar - Topic,rap
Meesaya Murukku - Enna Nadanthalum (Promo Music Video) | Hiphop Tamizha ft. Kaushik Krish,HiphopTamizha,rap
Non Stop Bollywood Party Songs | Video Jukebox | Dance Songs | Party Songs Hindi | Party On My Mind,Bollywood Hits,rap
TOTAL | RAWME HOODA | MUSIC VIDEO | NEW HARYANVI HIPHOP SONG,RAWme Hooda,rap
Rap Music 2026 - Hip Hop Playlist - Top Rap Songs 2026 Hip Hop Mix 🔥💸 Drake Kendrick Lamar Future,Revive Music,rap
"Lil Baby, GloRilla - Lil Baby &amp; GloRilla - Redbone (Official Video)",LilBabyVEVO,rap
ZEN XO - AKELA | Hindi Rap Song | 2025,ZEN XO,rap
ARJN X KDS X RONN - SHERIYA (Official Music Video)  | Def Jam India | Latest Malayalam Rap Song,MONEY VERSE RECORDS,rap
Fejo - Vazhikatti (Kizhakku Suryan) Malayalam Song | Prod. Jeffin Jestin,FEJO,rap
"Top 5 trending Rap songs of 2025 ❤️ | Ooog song , I Guess song , Btdt song | #shorts #trendingnow",Cineisfirst,rap
Top 10 Viral Rap Songs Of 2025 #rap #viralmusic #2025,Creall’s Music Vault,rap
2025 mein kya dekha?  🥺🥺 | Ahemdabad News #rap #2025 #short #youtubeshorts #shorts #shortsfeed,Beats With Rishika,rap
BigXthaPlug ft. Lil Wayne &amp; DaBaby – New Level (Music Video),The Biggest,rap
Top 5 Best Trending Rap Songs |#shorts,Vineet 4u,rap
T.I. - LET &#39;EM KNOW (Official Video),TIVEVO,rap
Trending Marahi X Yeda Yung | Nonstop DJ Song | 2025 | Marathi Rap Mashup | Yeda Yung Mashup,BERRY MUSIC,rap
Kevin Gates - Dangerous (Official Music Video),kevingatesTV,rap
"Lit Hip Hop Mix 2026🔥🔥🔥Tyga, Quavo, Iggy Azalea, Wiz Khalifa, Juicy J, 50 Cent",West Coast Finest,rap
Bohemia - Bandook 2.0 (Remix) | Prod. By Rosh Blazze | Latest Punjabi Rap Songs (2025),Blazze Music,rap
Rap Music 2025 - Hip Hop Playlist - Top Rap Songs 2025 Hip Hop Mix 🔥💸 Drake Kendrick Lamar Future,West Coast Finest,rap
"2025 Hip Hop Trap Mix [Drake, Gunna,Lil Baby &amp; More] | DJ Puffy",Dj Puffy,rap
Lil Baby - Violation (Official Music Video),Lil Baby Official ,rap
2025 Mein Kya Dekha Part 2 | 2025 Recap | Part-2 Kya Bolti Public | #news2025 #trendingshorts #viral,Negi Kalamkaar ,rap
Chance the Rapper ft. Do or Die &amp; Twista - Ride Remix (2025) | STAR LINE [Official Music Video],Chance The Rapper,rap
"Quavo, Lil Baby - Legends",QuavoVEVO,rap
Trap Mix 2025🔥Hip Pop Mix 2025🔥NBA Young Boy🔥Lil Baby🔥Lil Durk🔥Kodak Black🔥YNM Melly🔥Gunna🔥Drake🔥Ye,Dj Legend Vibes,rap
&quot;BHAYANKAR&quot; - VYOMA X @youngwaveofficial2025 X @MadhesiBeats || Official Music Video,Vyoma Official,rap
YFN Lucci - CAN’T FEEL MY FACE. (Official Music Video),YFN Lucci,rap
Kevin Gates - F*k Em (Official Music Video),kevingatesTV,rap
Chance the Rapper ft. Lil Wayne and Smino - Tree (2025) | STAR LINE [Official Music Video],Chance The Rapper,rap
Boosie  Badazz - Hustle (official video),Boosie Badazz,rap
HipHop Mix 2025 and RnB Mix 2025 - R&amp;B HipHop Music 2025,Best HipHop Music,rap
Unstoppable Energy Gangster Trap 2025 | Raw Freestyle x Street Rap Mix – Unleash Full Power Workout,WAM MUSIC,rap
Guddhist Gunatita - SULITIN (Official Music Video) prod. by Luna,Guddhist Gunatita,rap
Yo Gotti ft. Est Gee - Pop My Shit [Music Video],Brand New,rap
Offset &amp; JID - Bodies (Official Music Video),OffsetVEVO,rap
UNLOCK SAVAGE MODE | Fearless Gangster Trap &amp; Rage Rap Mix 2025 - Intense Gym Motivation,WAM MUSIC,rap
G Herbo - Went Legit (Official Video),G Herbo,rap
Offset - Back In That Mode ft. YFN Lucci,OffsetVEVO,rap
ACE HOOD - THAT MODE (OFFICIAL VIDEO),Ace Hood,rap
ARJN X KDS X RONN - NERA (Official Music Video) | Def Jam India | Latest Malayalam Rap Song,MONEY VERSE RECORDS,rap
GloRilla – Typa (Official Music Video),theofficialGloRilla,rap
Gunna - just say dat [Official Video],Gunna,rap
Future - LIL DEMON (Official Music Video),FutureVEVO,rap
"🔥 Skusta Clee &amp; Flow G, Al James - Bagong OPM Rap Songs 2026 (Trending Tagalog Rap Mix) 🚀",OPM Top Vibes,rap
Best Rap Songs 2024 | Best of 2024 Hip Hop Mix | Trap Tape | New Year 2025 Mix | DJ Noize Mixtape,DJ Noize,rap
Most Streamed RAP SONGS Of 2025,AaronTheHipHopGuy,rap
New Rap Songs 2026 Mix June | Trap Tape #134  | New Hip Hop 2026 Mixtape | DJ Noize,DJ Noize,rap
"HIP HOP PARTY MIX ATLANTA| FT LIL BABY, FUTURE, YOUNG THUG, 2 CHAINZ, GUNNA",Jay Bling,rap
Moneybagg Yo - Close The Door (Official Music Video),MoneybaggYoVEVO,rap
&quot;LOSS&quot; | Trap Type Beat | Freestyle Beat | Type Beat | Hard Type Beat | Rap Type Beat 2026,INNER BEATS,rap
[FREE] TRAP TYPE BEAT - &quot;UP&quot; | FREESTYLE BEAT | HARD TYPE BEAT | FREE RAP INSTRUMENTAL 2026,theskybeats,rap
[FREE] Trap Type Beat - &quot;NOSLEEP&quot; | Freestyle Beat 2026 | Melodic Type Beat | Rap Type Dark,Rey Pandora Beats,rap
Simon Cowell has NEVER heard anyone rap THIS FAST! | Auditions | BGT 2026,Britain's Got Talent,rap
new song coming oct 31st! #viral #freestyle #streetinterview #musician #rap #music #shorts,Sophie Powers,rap
&quot;Freestyle Rap Battle: Street Performers vs. Fans 🎤🔥&quot; Represent #midzone,RANVEER PAJI. ListenXRP ,rap
Freestyle Rapping on word in Mtv Roadies with Raftaar,RANVEER PAJI. ListenXRP ,rap
one eye rap freestyle💖|rapper का जलवा #rap #shorts,fact nepal,rap
General Levy - Dubplate - Little Lion Sound - Hip-Hop Freestyle #rap #hiphop #freestyle #reggae,Little Lion Sound,rap
TRAP TYPE BEAT - &quot;PAPER&quot; | FREESTYLE BEAT | HARD TYPE BEAT | FREE RAP INSTRUMENTAL 2026,STORM,rap
[FREE] &quot;SNITCH&quot; - Rap Freestyle Type Beat | Dark Underground Boom Bap Type Beat 2026,DEXTAH,rap
"Nazz VS Srushti | Nazz, Srushti Tawade | Hustle 2.0",KaanPhod Music,rap
Tried doing dj drama dirty 💀 #2026 #xxl #freestyle #typebeat #rap #rapbeat #linkinbio #share #rapar,Ohkmarcus Beats,rap
"Chris Turner Freestyles Five WILD Prompts Into One EPIC Rap, Made Up On The Spot! | AGT 2025",America's Got Talent,rap
Freestyle Rap Beat | Hard Boom Bap Type Beat | Hip Hop Instrumental - &quot;Behind Barz&quot;,Anabolic Beatz,rap
THE LUNCHROOM RAP,Jonn,rap
FREESTYLE RAP By SEPPA Kidz Gone Wrong || Watch Till The End,It's Your Boy:Sonam Effa!,rap
Lil Wayne’s viral freestyle,Godspeed,rap
He Went OFF! | Harry Mack Freestyle Cypher in New Orleans,Harry Mack Clips,rap
Eminem biggest ever freestyle in the world! Westwood,TimWestwoodTV,rap
General Levy - Dubplate - Little Lion Sound - Hip-Hop Freestyle,Little Lion Sound,rap
Ranveer Singh with Underground Rappers Mumbai cypher part 1,ENUBOY,rap
Top 5 Best Rap Freestyles🌎  #rap #shorts,Apolloツ,rap
Hot Girl in Front Row COMPLETELY DISTRACTS Freestyle Rapper... | Chris Turner Freestyle Raps,Chris Turner,rap
"Kodak Black, 21 Savage, Lil Uzi Vert, Lil Yachty &amp; Denzel Curry 2016 XXL Freshman Cypher",XXL,rap
The Hanumankind &quot;On The Radar&quot; Freestyle,On The Radar Radio,rap
Sneaker Heads Rap Battle #shorts #rap #rapbattle #rapper #hiphop #sneaker #sneakerhead #funny,Baccha Mat Bolna,rap
CCX Shimla Cypher #shimlahiphop #shimlacypher #freestyle #rap #himachalhiphop #himachalirapper #dhh,SHIMLA CYPHER,rap
Craziest Comeback in a Rap Battle ☠️,ProductMusic,rap
He Almost SKIPPED Me,Harry Mack,rap
"Greatest Freestyle’s of ALL TIME, Pt. 1!👀🔥",Masked Mortal,rap
13 year&#39;s old boy rap in street part 7,RANVEER PAJI. ListenXRP ,rap
Freestyle Boom Bap Beat | &quot;SIEMPRE ENFOCADO$&quot; |Underground Boom Bap Instrumental Uso Libre |Prod.XXB,XavierX Beatz,rap
bro cooked 🤣🔥 #kozarkane #rap #freestyleflow #freestylerap #hiphopmusic #freestyle,kozarkane!,rap
"RAP HEAVEN FREESTYLE CYPHER: King Von, Lil Loaded, Lil Peep",is0kenny,rap
"Best Freestyle? (J. Cole, DaBaby, Juice WRLD, Lil Baby, Tory Lanez, G-Eazy)",LSTEN Rap Videos,rap
SAMBATA × FOCUSED INDIAN @sambata__00 @focusedindian #shorts #viral #youtubeshorts #rapper #dhh,फक्त Hip hop,rap
BASE DE RAP CON PALABRAS🔥FREESTYLE RAP BEAT | ENTRENAMIENTO PARA IMPROVISAR #871,Blood Soul Beats,rap
POWER MADI SAMBIZ - Z TAPE - @SHReeZi,FuckTa Hiphop,rap
INDIAN TYPE BEAT &quot;त्रिकाल&quot; | FREESTYLE RAP BEAT | RAP/HIPHOP INSTRUMENTALS 2025,श्रवण ,rap
Tota Freestyles On The Radar At Mafiathon 3🔥,Tota Mc,rap
Moneybagg Yo Freestyles Over BossMan Dlow’s “Lil Bastard” Beat | Justin Credible’s Freestyles,Power 106 Los Angeles,rap
bro is crazy 😭🔥 #kozarkane #duet #freestyleflow #freestylerap #freestyle,kozarkane!,rap
BloodHound Q50 - Media Day Freestyle,RapTV,rap
The Nasty C &quot;On The Radar&quot; Freestyle (BEAT: Kodak Black - Super Gremlin),On The Radar Radio,rap
This RAPPING Truck Driver NEEDS To Be FAMOUS,ARIatHOME,rap
Hindi Top 2026 Viral Dj Remix 😍 Edm Mix Dj Song 🔥Dj Sk Remix ,Dj Remix Zone,edm
EDM MIX 🔊 BASS BOOSTED CLUB BANGER ⚡ DANCE PARTY 🥳🎉 NIGHT DRIVE 🌙 GYM WORKOUT 💪 GAMING MUSIC 🎮🎵,EDM MIX,edm
Music Mix 2026 #74 Party Club Dance 2026 | Best Remixes Of Popular Songs 2025 MEGAMIX (DJ Silviu M),Dj Silviu M Official,edm
MEGA BASS 🔊🔥 MONSTER BASS EDM MIX 💯 | EXTREME DROP ⚠️ CLUB BANGER 🎧 NIGHT DRIVE 🌃 GYM,MEGA BASS NATION,edm
MEGA BASS 🔊 EDM mix Bass Boosted Club Banger 🚗 Night Drive 💪 Gym🔥 Dance Party,MEGA BASS,edm
DJ EDM MIX MASHUP 2025 | LATEST EDM CLUB REMIXES OF POPULAR SONGS NON STOP DJ MIX | WORKOUT SONGS,RHYTHM & REMIXES,edm
EDM Mashup Mix 2026 | Best Mashups &amp; Remixes of Popular Songs - Electro House Music,daveepa,edm
Music Mix 2026 🎧 EDM Remixes of Popular Songs 🎧 EDM Gaming Music Mix ​,Infinity EDM,edm
TAMMA TAMMA LOGE REMIX | JAANKAR EDM MIX | BAPPI LAHIRI HIT SONG | DJ SIDAY REMIX 2025 NEW,Dj SIDAY DROP MIX,edm
Best Of EDM 2010 - 2020 Megamix ┃Best EDM Songs Of All Time - DJ Mix 2023,Del Sol Music,edm
DJ MIX 2026 - Mashups &amp; Remixes of Popular Songs 2026 | DJ Remix Party Club Music Disco Dance 2025,Valentino Sirolli,edm
90s Superhit Hindi EDM Mix 🤩 Dj Susovan Remix 🤩 Night Party EDM Mix ✨ Dj Susovan Mix EDM Songs,Dj Makhan,edm
EDM MIX 🔥 MEGA BASS BOOSTED CLUB BANGER ⚡ NIGHT DRIVE 🌙 DANCE PARTY 🥳 GYM 💪,EDM MIX,edm
Proximity - Best EDM of 2010-2019 (Decade Mix),Proximity,edm
New Electro &amp; House 2013 Best Of EDM Mix,DONT BLINK,edm
"Tomorrowland 2025 (David Guetta, Martin Garrix, Tiesto, Meduza, Avicii, Axwell, Gigi D&#39;Agostino)",Dj Remo,edm
HOT SPOTIFY PLAYLIST 2022  - BEST EDM SONGS OF ALL TIME - MOST POPULAR EDM MUSIC PLAYLIST,Top Hits Philippines,edm
EDM Music Mix 2024 🎧 EDM Remixes of Popular Songs 🎧 Bass Boosted Music Mix,EDM Vibes,edm
EDM Mashup Mix 2021 - Best Festival Mashups &amp; Remixes of Popular Songs 2021 | Party Mix 2021,The Hardrick,edm
Jaati Hoon Main Remix | Unique Style EDM Mix | Old Hindi Song | Dj Anik Remix,Dj Anik Remix,edm
MEGA BASS 🔊🔥 ULTRA BASS BOOSTED EDM MIX 2026💯 | EXTREME DROP ⚡ NIGHT DRIVE 🌃 CLUB BANGER 🎧 GYM 💪,MEGA BASS,edm
Poru Nee Varilam Chandralekhe EDM Cover Mix | Malayalam EDM Remix  | Reelist ,REELIST ,edm
EDM MIX 🎧🔥 MEGA BASS BOOSTED 💯 | CLUB BANGER 🔊 NIGHT DRIVE 🌃 DANCE PARTY 🥳 GYM WORKOUT 💪,EDM-MIX,edm
EDM Mashup Mix 2026 | Best Mashups &amp; Remixes of Popular Songs - Electro House &amp; Techno Music,daveepa,edm
BASS BOOSTED CLUB BANGER 🔥 EDM MIX 2027 | MEGA BASS DROP DANCE HITS 🔊,EDM MIX,edm
Music Mix 2026 🎧 EDM Mix of Popular Songs 🎧 EDM Gaming Music #292,Infinity EDM,edm
EDM MIX 🔥 ULTRA BASS BOOSTED CLUB BANGER ⚡ MEGA BASS 🔊 NIGHT DRIVE 🌙 GYM 💪 DANCE PARTY 🥳,EDM MIX,edm
Music Mix 2023 🎧 Remixes of Popular Songs 🎧 EDM Gaming Music Mix,Forever Young,edm
MOYNA SUDHUI BOLE JABO CHOLE - REMIX | EDM TRANCE MIX | OLD BANGLA REMIX | DJ AYAN REMIX 🔥,AYAN REMIX ,edm
"Best of POP, EDM Party Workout Mix Dj Shinski [Rihanna, Chris Brown, Pitbull, Calvin Harris, Avicii]",Dj Shinski,edm
RAAT KE SIKARI SONG FULL EDM MIX| TRENDING TRANCE 2K25|👿|DJ ROHIT SAHASWAN DJ SARZAN DJ SWAM,𝘿𝙅 𝙍𝙊𝙃𝙄𝙏 𝙎𝘼𝙃𝘼𝙎𝙒𝘼𝙉,edm
Mexican EDM Mix 2025 | Latin EDM 2025 | Festival Party Fiesta | Latin Remix by bavikon,bavikon,edm
Country EDM (YeeDM) Mix 🤠 | Morgan Wallen Remixes That Go Hard,Country Night,edm
EDM MIX 2026 🔥 BASS BOOSTED CLUB BANGER 💯 | DANCE PARTY 🥳 NIGHT DRIVE 🌃 GYM WORKOUT 💪,EDM MIX,edm
Music Mix 2026 🎧 EDM Remixes Of Popular Songs 🎧 EDM Bass Boosted Music Mix,EDM Sensei,edm
EDM MIX झकोरा मारे झुलनी - #Pramod Premi Yadav - Jhakora Mare Jhulani - #Karishma Kakkar | #Dj #RDX,R.D.X EDM DROP MIX official ,edm
Nonstop EDM Music Mix 12 ⚡Powerful Drops &amp; Dance Music,NightWave Society,edm
RDX EDM MIX | धरS कमर राजा जी | Neelkamal Singh | Dhara Kamar Raja Ji | Shrishti | Bhojpuri New Song,R.D.X EDM DROP MIX official No.1,edm
EDM MIX 🎧🔥 MEGA BASS BOOSTED 💯 | HARD CLUB BANGER 🔊 DANCE PARTY 🥳 NIGHT DRIVE 🌃 GYM WORKOUT 💪,EDM MIX,edm
EDM MIX BASS BOOSTED 2026 🔥 CLUB BANGER DANCE PARTY WORKOUT,EDM-MIX,edm
🔥 Bass Apocalypse – Hard Techno EDM Mix ⚡ Vol.82 🔥,DJ TechnoBass,edm
EDM MIX 🔥 BASS BOOSTED CLUB BANGER ⚡ MEGA BASS 🔊 NIGHT DRIVE 🌙 GYM 💪 DANCE PARTY,EDM MIX,edm
🎧 EDM MUSIC DISCO DANCE 2027 🔥 LOVE HEARTBEAT 💓 | BEST BASS TECHNO DJ MIX 💥 HARD EDM SUPER BASS 💥,DJ KUY MIX,edm
Party Mashup Mix 2026 | The Best EDM Remixes &amp; Mashups Of Popular Songs,TOBI,edm
Aaha Mori Sundori Remix 😍 Romantic Dance Version 2026 | Ai Bengali EDM MIX Hit | DJ ASHOK REMIX ,DJ Ashok EDM Bangla,edm
Best Dance Music 2026 ⚡️ Nonstop Party Mix - EDM &amp; Dance Remix🔊Bassboosted | 🔥 V.29,Walkway remix station,edm
EDM Chill Mix 2026 | Best Chill EDM - Relaxing Deep House &amp; Ambient Melodic Vibes for Sleep,Dream EDM,edm
"Tomorrowland 2023 - Best Songs, Remixes &amp; Mashups - Warm Up Mix 2023",TOBI,edm
"ELECTRONIC DANCE MUSIC SUMMER / Dance Music Charts / Dance Club Songs best, fiesta",Contraseña Records,edm
ASTRONOMIA TREND DANCING 😱🔥 NEON MODE 😎,TUZELITY BRO ⭐️,edm
Martin Garrix - Animals (Official Video),STMPD RCRDS,edm
Music For Soul - Ameno - Euro &amp; Dance ft. Danekoo1,MusicForSoulVEVO,edm
BRAINROT Baby Dance - Feel the Vibe (Music Video 4k HD),Vik4S,edm
Christopher Ladex - ELEPHANT,Christopher Ladex,edm
Gladiator - Now We Are Free (TNT Records Remix) Remastered,TNT RecordsMusic,edm
Eric Prydz – Call On Me (Official Music Video) | Ministry of Sound,Ministry of Sound,edm
Titanium (feat. Sia),David Guetta - Topic,edm
⚠️ Epilepsy warning ⚠️ #psytrance #trancemusic #hallucination #psyart #technomusic #spiral #tecno,Zynrøm ,edm
Duke Dumont - Ocean Drive,DukeDumontVEVO,edm
BEST SUMMER FESTIVAL SHUFFLE GIRL ELECTRO DANCE MUSIC VIDEO 2026 ON A VIRAL TIKTOK SONG ❤️,New Shuffle Dance,edm
DJ Snake - Magenta Riddim,DJSnakeVEVO,edm
The “noooooooo” killed me 😂 #edm #electronicdancemusic #dj #rave #gryffin,EDM Content,edm
Popular Shuffle Dance Music Mix 2025 ~ Alan Walker MIX 2025 ⚡ Melbourne Bounce Music 2025,Fly Music,edm
"Alan Walker, Dua Lipa, Coldplay, Martin Garrix &amp; Kygo, The Chainsmokers Style 🔥 Summer Vibes #4",Palm Deep,edm
The Best TECHNO Party Mix 2024,TOBI,edm
"Alan Walker, Dua Lipa, Coldplay, Martin Garrix &amp; Kygo, The Chainsmokers Style 🔥 Summer Vibes #1",Deep Board,edm
SYNTHONY - Mega Mix (Ultimate Dance Music Compilation Playlist),SYNTHONY,edm
Hardwell &amp; Blasterjaxx - Beat Of The Drum,Hardwell,edm
REMIXES Dance Music 90s/2000s: From 1990 to 2010 | #11 | DJ Edy Mix.,Edy Mix,edm
Coffin Dance 😎⭐️ Who BEST DANCER? 🤔🔥 TUZELITY SHUFFLE DANCE 2024,Magic Dance,edm
ELECTRONIC DANCE MUSIC | RE-BUNAL W/ DJRANEL REMIX,DjRanel Remix,edm
Ibiza Summer Mix 2023 🍓 Best Of Tropical Deep House Music Chill Out Mix 2023🍓 Chillout Lounge #117,Xdeep Mix,edm
David Guetta | United at Home - Dubai Edition,David Guetta,edm
Electronic Dance Music Hits in the Mix (Continuous DJ Mix),DJ Mix - Topic,edm
Ofenbach - Overdrive feat. Norma Jean Martine (Official Music Video),Ofenbach,edm
"MIX TECHNO DANCE 90&#39;s( ATB, WHAT IS LOVE,  TONIGHT IS NIGHT, CORONA, RUN TO ME)#EURODANCE #PURODANCE",George Reynold,edm
Shuffle Dance Music | Haddaway - What Is Love,Next GameVS,edm
The Best Party Mix 2024 | Remixes &amp; Mashups Of Popular Songs,TOBI,edm
"EDM Songs that turn 10 years old this year 🥹 (Avicii, Tiesto, Calvin Harris, Martin Garrix, &amp; more)",DJ Precise,edm
Kiesza - Hideaway (Official Video),lokallegend,edm
TOP Tech House DJ Mix 🎵 | Best Tech House Mix 2024,NazareoMusic,edm
DJ NYK - Bollywood Techno &amp; Afro House Mix | Adhunyk Lab (Chapter 1) | Immersive Experience 2024,DJ NYK,edm
Techno Basics 1.2 💃🎶🕺,Techno TV,edm
Adagio for Strings,Tiësto - Topic,edm
L&#39;Amour Toujours - Gigi D&#39;Agostino (LABACK EDM Cover),LABACK,edm
Kato Feat. Jon - Turn The Lights Off (Techno Remix) | Jon Hamm - Club Dance Scene,itsAirLow,edm
David Guetta &amp; Showtek - Bad ft.Vassy (Lyrics Video),David Guetta,edm
#dance #remix #topremix #dj #nonstop #kpop #djremix #musicremix #music #musica #foryou #discordance,Top remix,edm
EDM Bass Music Mix 2026 🔊 Party Club Dance 2026 🔥 Best Remixes Of New Mashup 2026 🔥 Feel The Beat #6,1 Music Trend,edm
Best EDM Songs Of All Time,H Jay music,edm
EDM Techno Christian Music Playlist✝️🎧 Best Uplifting EDM Worship / Praise / Gospel / Dance,EDM Christian Music,edm
La La La (Dance Song) - Techno Remix 2026 | Arrow Music,Arrow Electronic Music,edm
Deep House Mix 2020 Vol.1 | Mixed By TSG,TSG Music,edm
"AFRO HOUSE MIX 2025 (Adam Port, Hugel, Keinemusik, MoBlack) / LIVE DJ SET by JOANSON",Joanson,edm
Ibiza Summer Mix 2026 🍓 Best Of Tropical Deep House Music Chill Out Mix 2025 🍓 Chillout Lounge,Magic Club,edm
Vibey Deep House Mix 2024 | Mix by Yaman Khadzi | Selected Mix 2024 | Deep House Mix 2024 | Ibiza,Vibey Deep House Radio,edm
19 Minutes of Bollywood Afro House Mix | Late Night Chill House Party DJ Mix | Akarsh On Air,Akarsh On Air,edm
"DJ NYK - Bollywood Sunset Mix (Italy) at Vernazza, Cinque Terre | 2023",DJ NYK,edm
House Mix 2021 | The Best of House 2021 by OSOCITY,OSOCITYNATION,edm
"Fred again.. - Rooftop Live (Arun’s Roof, London)",Fred again . .,edm
Ibiza Summer Mix 2026 🍓 Best Of Tropical Deep House Music Chill Out Mix 2026🍓 Chillout Lounge #43,Helios Deep,edm
DEEP HOUSE MIX 2025,Music Brokers,edm
PURO 90s HOUSE VIBES MIX / MUSICA HOUSE DE LOS 90s | LIVE DJ MIX by DJ Kevanator | #housemusic,DJ Kevanator,edm
Afro House Sunset Mix | Punta del Este,Maldo,edm
DeepMe | Melodic Techno &amp; Progressive House Mix 2022 | By @EPHIMERATulum,EPHIMERA Tulum,edm
Ibiza Summer Deep House Mix 2026   Best Chill &amp; Tropical Vibes 11,Brynn Harper,edm
Fred again.. | Boiler Room: London,Boiler Room,edm
South African House Mix | FESTIVE MIX | Top of the World | Pure Surprise | Live My Life | J’adore,Hurshy on Decks,edm
"AFRO HOUSE Sunset Mix 2026 | Adam Port, Hugel, Keinemusik, MoBlack #7",Sew,edm
Old School 80s/90s HOUSE music LIVE MIX (DJ Derek Ice),DJ_Derek Ice,edm
Soft Chill House Mix - Amii Watson B2B Jimmi Harvey,Flavour Trip,edm
Chris Luno - Ibiza Deep House Mix @ Ocean Drive Talamanca,OD Hotels,edm
UPBEAT SOULFUL HOUSE MIX at a House Party | Black House Radio,Black House Radio,edm
Deep House Mix 2026 ☀ The Best Of Vocal Deep House Music Mix 4K UHD | SoulVibes,SoulVibes,edm
morning routine house mix,gesus8,edm
"SUMMER AFRO HOUSE Sunset Mix (Adam Port, Avicii, The Weeknd, Coldplay, Diplo) - Summer Vibes Mix #41",Afro King,edm
Best of Deep House 2025 | Chill Mix &amp; Deep Feelings #24,DeepChill Melody,edm
Best 90&#39;s House Music Mix - Going to Club 1 by DJ Chill X,DJ Chill X,edm
Afro House Mix 2026 🔥 Tribal Afro House Energy | Emotional Melodic Beats #VOL 35,Jungle Pulse House,edm
IDRIS DJs a House Party | Black House Radio,Black House Radio,edm
"Defected Ibiza - House Music Summer Mix, 2026 🇪🇸🌞 [Deep, Vocal, Underground, Afro &amp; Tech House]",Defected Records,edm
Deep House 2026 | Melodic House &amp; Progressive Flow | NAVTUNE,NAVTUNE,edm
Best of Deep House [2026] | Melodic House &amp; Progressive Flow | NAVTUNE,NAVTUNE,edm
"LIKA - Morning living room mix // Coffee, day drinking, summer party // Deep House, Progressive",LIKA,edm
Chill Rooftop House Music Mix In Sitges - Sunset Afterwork Lounge DJ Set | Relax Dinner Bar Playlist,Flavour Trip,edm
Summer Mix 2025 #7  | Best Of Deep &amp; Tech House Music Chillout Mashup Mix 🔥,Darley Jefferson,edm
Tech House Mix | Time to Be Protected | Tech House Playlist,EDM Lounge AVAVA,edm
Summer Afro House Rooftop Mix 2025 | Sax &amp; Cello Vol.7 by Lukas &amp; Frank,Lukas & Frank,edm
Happy House Mix | Summer DJ Set | Lake Day With Friends,Bath Toiz,edm
Deep House for Work | Chill Deep House | Deep House For Focus,GUGB Music,edm
Groovy House Music Mix &amp; Outdoor Cooking In Andorra - Flavour Trip Playlist | Good Vibes Dance Mix,Flavour Trip,edm
House Classics Mix 90s &amp; 2000s | Dancefloor Anthems,MEDIA pro studio,edm
DEEP &amp; ELEGANT | Pure Deep House Mix &#39; by Gentleman [Vol.2],Deep & Elegant,edm
BEST AMAPIANO MIX 2026 | 1hr Of Deep House Amapiano Mix 35 | Top New Amapiano Songs | Deep Amapiano,AMAPIANO SANCTUARY,edm
Lounge Deep House Vibes | Ultimate June Background Music &amp; Instrumental,Rhythm Depths,edm
The Best of House 90 &amp; Classic House🔥 | Vaïbz Party #25 🎉 | By T-SIA,T-Sia,edm
World Cup 2026 Funky House Music Mix | Cooking Empanadas | Mundial de Fútbol 🌎⚽️,Flavour Trip,edm
PURO 90s HOUSE VIBES VOL 2 MIX / MUSICA HOUSE DE LOS 90s | LIVE DJ MIX by DJ Kevanator | #housemusic,DJ Kevanator,edm
Smoke Mood - Just Relax | Chill House &amp; Deep House Mix 🎧 Chill / Night Vibes Vol 22 / Stress Relief,Chill Night House,edm
MEOW 🤣 #edm #music #dubstep #edmtiktok #edmmusic #dancemusic #electronicmusic #shorts #rave #dj,DubstepGutter,edm
RAY VOLPE - SEE YOU DROP (Official Visualizer),RAY VOLPE,edm
REMOTEKONTROL | PROBLEMATIC | DUBSTEP,REM0TEKONTROL,edm
SKRILLEX - Bangarang feat. Sirah [Official Music Video],Skrillex,edm
Badshaah Popping Dubstep Mix | Dubstep DeCoding Studio,Dubstep DeCoding Studio,edm
Dubstep Mix 2024 | The Best Remixes Of Popular Songs,TOBI,edm
Lindsey Stirling - Crystallize (Dubstep Violin Original Song),Lindsey Stirling,edm
Majed reviews Dubstep,TheonlyMajed,edm
Deewani Mastani Popping Mix | Bajirao Mastani | Dubstep DeCoding Studio,Dubstep DeCoding Studio,edm
Top 5 Dubstep songs in 2024 (so far),TheonlyMajed,edm
Virtual Riot - Purple Dragons (Dragons VIP),The Dub Rebellion,edm
Amazing Top 10 Dubstep Songs!,spacewave,edm
BEAT IT |  DUBSTEP | POPPIN JOHN &amp; RICARDO WALKER,Ricardo Walker,edm
PUMPED UP KICKS|DUBSTEP,MARQUESE SCOTT,edm
Skrillex - Scary Monsters And Nice Sprites (Official Audio),Skrillex,edm
Ylvis - Someone Like Me [Official music video HD],TV Norge,edm
Majed reacts to Dubstep,TheonlyMajed,edm
Getter - Head Splitter (Official Music Video),OWSLA,edm
Flight Facilities - Crave You (Adventure Club Dubstep Remix) (feat. Giselle),MrSuicideSheep,edm
HIGHER | DUBSTEP,MARQUESE SCOTT,edm
Key &amp; Peele - Dubstep,Key & Peele,edm
SKRILLEX - KYOTO (FT. SIRAH),Skrillex,edm
Dubstep Remixes (of Popular Songs) - @DgafAaron,Aarón Przybyla,edm
Best Of Skrillex Mix 2018 [ DUBSTEP | TRAP | EDM ],Alex MTCH,edm
Silsila Ye Chahat Ka | Popping | Robotic | Dubstep | Antidote Music,Amaan Antidote,edm
she killed it 🤯 #dubstep #edm #producer #beats #beatmaker #beat #music #musicmemes #edmmusic #dsg,DubstepGutter,edm
AWARA HOON (Dubstep Remix) EKSHATEK • Locking Popping Hindi Bollywood Old Song • Instagram Trending,EKSHATEK,edm
Skrillex &amp; Damian &quot;Jr. Gong&quot; Marley - Make It Bun Dem [OFFICIAL VIDEO],Skrillex,edm
SET FIRE | DUBSTEP,MARQUESE SCOTT,edm
UDTA PUNJAB TITLE SONG| KRUMP | DUBSTEP DROP | TRAP | REMIX | by SHAKTI,SHAKTI MUSIC PRODUCTION,edm
Blue Foundation - Eyes On Fire (Zeds Dead Remix),UKF Dubstep,edm
YOOKiE - DOWN WiTH THE SiCKNESS,Dubstep uNk,edm
dubstep producers be like #music #dsg #dubstep #dubstepmusic #musicmemes,DubstepGutter,edm
Skrillex - First Of The Year (Equinox) [Official Music Video],Skrillex,edm
FIREBIRD 2 | DUBSTEP,Poppin John SBK,edm
Datsik &amp; Virtual Riot - Nasty,DubstepGutter,edm
Rick and Morty - I Am Alive (Bombs Away Dubstep Remix),Drop the Bassline,edm
THIS IS SPARTA (dubstep remix),Srv Music,edm
"Dubstep, Bass, and Grime in a Car | PEEKABOO | carRADIO 063",heds,edm
Spag Heddy - Permanent,DubstepGutter,edm
Beethoven - Für Elise (Klutch Dubstep Trap Remix),DubstepGutter,edm
TIME CONTROL | DUBSTEP,MARQUESE SCOTT,edm
Mujhse Shaadi Karogi | Dubstep Popping Mix By Dubstep DeCoding Studio,Dubstep DeCoding Studio,edm
Saat Samundar Animated Popping Dubstep Mix,Dubstep DeCoding Studio,edm
"Melodic Dubstep Mix 2025 (ft. Seven Lions, MitiS, HALIENE, Abandoned &amp; More) // EDM 2025",Arctic Empire,edm
Singham &amp; Bahubali Fusion | Dubstep DeCoding Studio | 1k Special,Dubstep DeCoding Studio,edm
Song Of Storms Dubstep Remix - Ephixa (Download at www.ephixa.com Zelda Step),DjEphixa,edm
Ray Volpe - Laserbeam,Disciple,edm
Chill Dubstep | Sub Bass &amp; Emotional Strings × Vocal | Scandal Symphony #80.,Scandal Symphony,edm
Crave You | Dubstep,REM0TEKONTROL,edm
"Peaceful Classical Music | Bach, Mozart, Vivaldi...",HALIDONMUSIC,classical
"Classical Music for Brain Power | Mozart, Beethoven, Vivaldi...",HALIDONMUSIC,classical
Healing Ragas - Sitar Tabla - Brindavan Sarang - Classical Instrumental Fusion B.Sivaramakrishna Rao,Geethanjali - Indian Classical Music,classical
Classical Music for when You&#39;re Stressed Out,HALIDONMUSIC,classical
Sitar for Dopamine Reset | Indian Classical Music for Mindfulness,Raga Focus,classical
"Classical Music for Reading - Mozart, Chopin, Debussy, Tchaikovsky...",HALIDONMUSIC,classical
Best of Tchaikovsky - Classical Music Gems,Essential Classics,classical
50 Most Famous Pieces of Classical Music,HALIDONMUSIC,classical
"50 Most Beautiful Classical Music You Should Listen to Once in Your Life ❄️Chopin, Beethoven, Mozart",Classical Relaxation,classical
50 Most Beautiful Classical Music Pieces,HALIDONMUSIC,classical
Indian Classical Music for Working | Relaxation &amp; Concentration | Peaceful Classical Music,Saregama Hindustani Classical,classical
"The Best of Classical Music - 50 Greatest Pieces: Mozart, Beethoven, Chopin, Bach...",HALIDONMUSIC,classical
2 Hours Stress Relief Music | 432Hz Indian Classical Raga for Anxiety Calm,Mystic Notes,classical
Classical Music for When You’re on a Deadline,HALIDONMUSIC,classical
"The Best of Classical Music that You Should Listen to Once In Your Life🎻Mozart, Beethoven, Vivaldi..",Classical Symphony Music,classical
"Classical Music for Relaxation: Mozart, Bach, Tchaikovsky...",HALIDONMUSIC,classical
"Gentle Healing | Soothing Indian Classical Music for Stress Relief, Sleep &amp; Inner Peace",Raga Bindu,classical
"Classical Music for Studying &amp; Brain Power | Mozart, Vivaldi, Tchaikovsky...",HALIDONMUSIC,classical
Classical Focus - Classical Music for Studying,Essential Classics,classical
Mozart - Classical Music for Brain Power,HALIDONMUSIC,classical
The Sound of Intelligence – Beethoven Classical Masterpieces for Deep Focus &amp; Elite Thinking,Concert Hall Clarity,classical
Classical Music for When You&#39;re on a Deadline,HALIDONMUSIC,classical
"4 Hours of Classical Music (No ADS)  | Beethoven, Mozart, Chopin, Bach | Relaxation and Healing",Classical Sweetness,classical
Classical Music for Studying,HALIDONMUSIC,classical
that&#39;s why Rachmaninoff is the MOST ROMANTIC composer |  Essential Classical Music,Essential Classics,classical
The Most Relaxing Classical Music Pieces,HALIDONMUSIC,classical
"15 Most Listened To Classical Masterpieces of All Time🎼Mozart, Beethoven, Schubert, Chopin, Bach,...",Classical Relaxation 4K,classical
Classical Music for Sleeping,HALIDONMUSIC,classical
Dmitri Shostakovich - Waltz No. 2,The Wicked North,classical
Dramatic Classical Music,HALIDONMUSIC,classical
"Baby Classical Music 🌞 Mozart, Schubert &amp; Chopin 🌞 Piano Songs for Babies",Songs of Birdland,classical
4 Hours Classical Music for Sleeping,HALIDONMUSIC,classical
"Romantic Era Adagios (Cello, Violin &amp; Piano) — Most Beautiful Adagios of All Time | Relaxing Music",Classical Adagios,classical
"Mozart - Classical Music for Studying, Working &amp; Brain Power",HALIDONMUSIC,classical
"Quiet Mornings - Classical Music for Relaxation | Bach, Schubert, Mozart...",Essential Classics,classical
Dark Royalty Core Classical Music,HALIDONMUSIC,classical
Ninnu Vina Namadendu | Ranjani-Gayatri | Tyagaraja&#39;s Path to Liberation Through Music,darbarfestival,classical
"8 Hours Classical Music for Sleeping | Chopin, Debussy, Satie...",HALIDONMUSIC,classical
Calming Classical Music for Kids | The Good and the Beautiful,The Good and the Beautiful Kids,classical
Peaceful Classical Music,HALIDONMUSIC,classical
Epic Classical Music for Dictators to conquer the World | Mozart | Vivaldi | Tchaikovsky,Quintessence Of Classic,classical
"10 Hours Classical Music |  Mozart, Bach, Chopin...",HALIDONMUSIC,classical
Classical Music for Those Who Think Too Much,Essential Classics,classical
4 Hours Happy Classical Music,HALIDONMUSIC,classical
"did you just say classical music is boring?! This playlist is for you: Mozart, Vivaldi, Beethoven...",Quintessence Of Classic,classical
4 Hours Classical Music for Relaxation,HALIDONMUSIC,classical
"(NO ADS) The Best of Classical Music for Absolute Relaxation | Chopin, Mozart, Beethoven, Vivaldi",Classical Remedy,classical
Mere dholna sun: Kaushiki Chakraborty #indian #classical #music #shorts #bollywood #harmonium,Modern Monk Music,classical
Classical Music to Lock In | Fast and Energetic Version,HALIDONMUSIC,classical
"The Good, the Bad and the Ugly - The Danish National Symphony Orchestra (Live)",DR Koncerthuset,classical
Muti Conducts Beethoven 9,Chicago Symphony Orchestra,classical
"Beethoven: Symphony No. 5, First movement (Benjamin Zander, Boston Philharmonic Orchestra)",Boston Philharmonic,classical
Beethoven: Symphony No. 7 | Bernard Haitink &amp; the Royal Concertgebouw Orchestra,DW Classical Music,classical
The Godfather – Orchestral Suite // The Danish National Symphony Orchestra (Live),DR Koncerthuset,classical
"When the hammer drops, it&#39;s time for Mahler ❤️",Bucket List Shorts,classical
Hans Zimmer - Interstellar | Imperial Orchestra,Imperial Orchestra,classical
"Float like a butterfly, sting like a bee #conductor #classicalmusic #orchestra #symphony #music",Bournemouth Symphony Orchestra,classical
Fontaine Live Symphony Performance | Genshin Impact,Genshin Impact,classical
Formula 1 — Hans Zimmer (OST F1 Movie) | Live by Imperial Orchestra,Imperial Orchestra,classical
Pirates of the Caribbean Auckland Symphony Orchestra 1080p   YouTube,科技 音乐 娱乐TV,classical
Sairat Movie - Ajay-Atul recording with Live Symphony Orchestra in Hollywood,Zee Music Marathi,classical
Symphony No. 2 / Sergei Rachmaninoff / Vasily Petrenko / Oslo Philharmonic,Oslo Philharmonic,classical
2CELLOS - Game of Thrones [Live at Sydney Opera House],2CELLOS,classical
Bharat Symphony - Movement 2 | Dr L Subramaniam | Liepaja Symphony Orchestra,Dr L Subramaniam & Kavita Krishnamurti,classical
"Titanic - My Heart Will Go On // Danish National Symphony Orchestra, Andrea &amp; Diluckshan (LIVE)",DR Koncerthuset,classical
"Coldplay — Full Dark Symphonic Orchestra Cover | Inspired by Vivaldi, Bach &amp; Paganini",ORKESTRAL,classical
James Bond Theme 007 - Dr. No // The Danish National Symphony Orchestra (Live),DR Koncerthuset,classical
‘Pirates of the Caribbean’ - Liverpool Philharmonic at the Royal Albert Hall | Classic FM Live,Classic FM,classical
Dvořák: The Symphony No. 9  &quot;From the New World&quot; (Stunning Performance - Standing Ovations),zevnikov,classical
"Beethoven: Symphony No.9 - Simon Rattle, London Symphony Orchestra",MEZZO,classical
André Rieu - O Fortuna (Carmina Burana - Carl Orff),André Rieu,classical
Stairway to Heaven with Amazing Gimnazija Kranj Symphony Orchestra,zevnikov,classical
🎶 It brings you back in an instant #orchestra #classicalmusic,San Francisco Conservatory of Music,classical
André Rieu - Nearer my God to Thee,André Rieu,classical
Schubert: Symphony No. 8 Unfinished | Iván Fischer &amp; Budapest Festival Orchestra,DW Classical Music,classical
Sing and Dance to Bluey Music! | Melbourne Symphony Orchestra | Bluey,Bluey - Official Channel,classical
Jacob Collier Improvises the National Symphony Orchestra (Live from the Kennedy Center),Jacob Collier,classical
For A Few Dollars More // The Danish National Symphony Orchestra (Live),DR Koncerthuset,classical
Bohemian Rhapsody for Symphony Orchestra and Solo Viola - THE STUDIO RECORDING,Nicholas Hersh,classical
SYNTHONY - Darude Sandstorm (Live from Melbourne) | ProShot 4K,SYNTHONY,classical
Ludwig van Beethoven: Symphony No 9 &#39;Ode to Joy&#39; // Sir Antonio Pappano &amp; London Symphony Orchestra,London Symphony Orchestra,classical
Mendelssohn: 3. Sinfonie (»Schottische«) ∙ hr-Sinfonieorchester ∙ Andrés Orozco-Estrada,hr-Sinfonieorchester – Frankfurt Radio Symphony,classical
Manchester Orchestra - The Silence (Official Music Video),manchesterorchVEVO,classical
&quot;Main Theme&quot; - Exodus (Ernest Gold) - Film Symphony Orchestra,filmsymphony,classical
Beethoven: 6. Sinfonie (»Pastorale«) ∙ hr-Sinfonieorchester ∙ Ariane Matiakh,hr-Sinfonieorchester – Frankfurt Radio Symphony,classical
Jacob Collier Improvises With Orchestra (Live in San Francisco),Jacob Collier,classical
The Lion King - Circle of Life // The Danish National Symphony Orchestra (Live),DR Koncerthuset,classical
Marvel Symphony | Avengers | Imperial Orchestra | Cinema Medley 2,Imperial Orchestra,classical
NTVAkawungezi soundtrack- Pearl Symphony Orchestra #ntvuganda #ntvakawungeezi #orchestra  #Ndingidi,Pearl Symphony Orchestra,classical
Tchaikovsky: Pas de deux from The Nutcracker (Tom Fetherstonhaugh/Bournemouth Symphony Orchestra),Bournemouth Symphony Orchestra,classical
Rachmaninoff&#39;s Symphony No. 2 / Vasily Petrenko / Oslo Philharmonic,Oslo Philharmonic,classical
The Cinematic Orchestra - &#39;To Build A Home&#39; (Official Video),Ninja Tune,classical
Game of Thrones - Suite &amp; Rains of Castamere // The Danish National Symphony Orchestra (LIVE),DR Koncerthuset,classical
IBIZA Orchestral - Adagio for Strings,IBIZA Orchestral,classical
John Williams &amp; Vienna Philharmonic – Williams: Theme from “Jurassic Park”,Deutsche Grammophon - DG,classical
The ROCK SYMPHONY Orchestra,The ROCK SYMPHONY Orchestra,classical
Synthony performs Opus by Eric Prydz with Auckland Symphony Orchestra,Auckland Symphony Orchestra,classical
Linkin Park — Full Dark Symphonic Orchestra Cover for Work &amp; Study,ORKESTRAL,classical
"The Best of Classical Piano | Chopin, Beethoven, Debussy...",HALIDONMUSIC,classical
"8 Hours Classical Piano Music | Chopin, Debussy, Mozart, Bach...",HALIDONMUSIC,classical
"Best classical music. Music for the soul: Beethoven, Mozart, Schubert, Chopin, Bach ... 🎶🎶",Largo Classics,classical
10 SUPER FAMOUS Classical Piano Pieces,Sheet Music Boss,classical
"Relaxing Piano Music: Romantic Music, Beautiful Relaxing Music, Sleep Music, Stress Relief ★122",Soothing Relaxation,classical
"Mozart - Piano Concerto No.21, K.467 / Yeol Eum Son",taky_classic,classical
"Soft Piano - Calm Classical Pieces | Debussy, Chopin, Beethoven...",Essential Classics,classical
"Classical music relaxes the soul and heart - Mozart, Chopin, Beethoven, Bach, Tchaikovsky 🎧🎧",Largo Classics,classical
50 Mozart Piano Pieces | Classical Music,HALIDONMUSIC,classical
Classical Piano Music for Brain Power: Piano Music for Studying,HALIDONMUSIC,classical
Can you name the piano piece… from just ONE note? 🎵,Learn Piano with Jazer Lee,classical
The Most Beautiful &amp; Relaxing Piano Pieces (Vol. 1),Rousseau,classical
Vivaldi - Winter (The Four Seasons),Rousseau,classical
Classical Piano Music for Sleeping,HALIDONMUSIC,classical
Beethoven - Für Elise,Rousseau,classical
The Best of Yiruma - Greatest Piano Collection - Sleeping song for baby,Charlie Lim,classical
"Classical Music Relaxes the Soul and Heart - Mozart, Beethoven, Chopin, Bach, Tchaikovsky",Classical Stars,classical
Debussy - Clair de Lune,Rousseau,classical
"8 HOURS Classical Music for Sleeping: Relaxing Piano Music Mozart, Debussy, Chopin, Schubert, Grieg",HALIDONMUSIC,classical
Best of Chopin - 5 Most Popular Pieces,Hana Hashem,classical
Violin and Piano - Classical Music,HALIDONMUSIC,classical
Chopin: Complete Nocturnes (Luke Faulkner),HALIDONMUSIC,classical
"Classical music relaxes the soul and heart 🌿 Mozart, Chopin, Beethoven, Bach, Tchaikovsky",Healing Classics,classical
50 Most Beautiful Classical Piano Pieces,HALIDONMUSIC,classical
Iconic Piano Pieces in Spring 2025 - 1 hour Relaxing Piano (by James Malikey),James Malikey,classical
"Best Classical Music. Music For The Soul: Mozart, Beethoven, Schubert, Chopin, Bach, Rossini..🎼🎼 #89",The Classical,classical
Relaxing Chopin Classical Music Fireplace ~ Chopin Piano Study Music Ambience,Relax with TV Backgrounds,classical
Liszt - The Best Of Liszt Solo Piano With AI Story Art | Listen &amp; Learn,Classical Oasis,classical
"Immortal Melodies of Classical Music (No Ads) | Mozart, Beethoven, Chopin | Healing, Relaxation",Classical Stars,classical
Iconic Piano Pieces in 2024 - 1 hour Relaxing Piano (by James Malikey),James Malikey,classical
Passacaglia - George Frideric Handel / Alexander Motovilov (reimagined),Alexander Motovilov ,classical
"Soothing Classical Music: Cello, Violin &amp; Piano to Calm Your Mind 🎶",Viola Femme,classical
Músicas Clássicas ao Piano | Acalmar e Pacificar | Calm Classical Piano,Bruno Ciribelli,classical
"Mozart - Rondo Alla Turca (Marnie Laird, piano)",Brooklyn Duo,classical
"Classical Music: Bach, Beethoven, Mozart, Chopin, Tchaikovsky, Vivaldi",Zu Classical,classical
How to play Beethoven on piano #Piano #PianoTutorial #PianoLesson,The Ruby Piano,classical
most beautiful piano pieces,Clavier,classical
RELAXING PIANO Disney Piano Collection 3 HOUR LONG (Piano Covered by kno),kno Disney Piano Channel,classical
Romantic Classic Piano Love Songs - Top 200 Relaxing Beautiful Love Songs 70s 80s 90s 💖💖💖,Romantic Piano,classical
How did he compose amazing music #classical #beethoven #musichumor,DannyPass_Music,classical
Beethoven - Moonlight Sonata | Piano &amp; Orchestra,Georgii Cherkin,classical
GANGA SASIDHARAN | ganga | violin | police issue ￼,Captain of Trivandrum,classical
"The Best of Violin that You Should Listen to Once In Your Life🎻Vivaldi, Bach, Paganini..",The Classical Music,classical
30 Most Famous Classical Violin Pieces,HALIDONMUSIC,classical
Historia de un Amor – Violin Cover - DAVID BAY  #HistoriaDeUnAmor #ViolinCover #RomanticMusic,David Bay Music,classical
First try classical… violin song.. #1million #dance #dancecover #violin #love,AnamikaGangavlogs,classical
The greatest violinist of all time🐐 #classicalmusic #music #violin,Piano Festival,classical
"F. Chopin : Nocturne in c sharp minor for violin and piano_ YuEun Kim, Violin / 쇼팽 녹턴 : 바이올리니스트 김유은",Gemma Violin,classical
✨❤️Timeless Treasures: Kunnakudi Vaidyanathan&#39;s Best Carnatic Classical Instrumental - Violin songs,INRECO Carnatic Songs,classical
Vivaldi: Winter (L&#39;inverno) I. Allegro non molto - Four Seasons - RAY CHEN,Ray Chen,classical
Happy Moments With Ganga Sasidharan 😊😊,Ganga Sasidharan Fans,classical
Classical Violin,Rafael Krux - Topic,classical
5 EASIEST Violin Pieces you should learn,Med Things,classical
The Best of Violin - Vivaldi And Paganini. Famous Classical Music,Greatest Classical Music,classical
First Violin Class – Basic Holding Technique | Violin for Beginners | Shine Academy,Shine Academy,classical
SACRED GEMS of THYAGARAJA on Violin | A. Kanyakumari | Musical Melodies - Classical Instrumental,INRECO Carnatic Songs,classical
Mozart babyyyy #violin #violinist #fypシ #music #violincover,Poviolinist,classical
Finale from Paganini Violin Concerto No. 1 @ChloeChuaviolinist,Singapore Symphony,classical
Classical Violin Background Music | क्लास्सिकल बैकग्राउंड वायलिन म्यूजिक Indian Instrumental Sangeet,Mind & Soul,classical
"Vivaldi&#39;s Winter, Movement 1 (with piano)",Youths in Chamber Music,classical
A 10-year old violin prodigy plays Vivaldi Summer with me and SHOCKS the whole Airport 😱🎻,Julien Cohen,classical
Vivaldi Four Seasons Winter,Iris K,classical
Playing a note for every girl I’ve pulled #violin #paganini #classicalmusic,Med Things,classical
"Tchaikovsky: Violin Concerto | Janine Jansen, Mikhail Pletnev &amp; the Verbier Festival Orchestra",DW Classical Music,classical
No one sang this for 300 years… until her special video mix #Savik6655 #shorts #shorts,Savik,classical
Vivaldi vs Paganini: Clash of the Titans in Violin Mastery | The Best Classical Violin Music,The Classical Music,classical
Vivaldi: The Four Seasons (Orquesta Reino de Aragón),HALIDONMUSIC,classical
Paganini Violin Concerto No.1 @ChloeChuaviolinist,Singapore Symphony,classical
Howl&#39;s Moving Castle - Merry go round of Life cover by Grissini Project,Grissini Project,classical
Chopin: Nocturne Op. 9 No. 2 (Violin and Piano),HALIDONMUSIC,classical
"Itzhak Perlman – Beethoven: Violin Concerto (with Daniel Barenboim, Berliner Philharmoniker)",Warner Classics,classical
snehithane snehithane amal varghese violin... for program bookings- 9895855446,Amal  varghese violin,classical
"An Evening of Indian Classical Violin and Tabla - Millennium Stage (February 25, 2020)",The Kennedy Center,classical
"[Talented Child Violinist] Vivaldi 4 Seasons, Op. 8, Winter•Menuhin Competition &#39;18•Junior Winner!!",chumi05,classical
Songs Beginners Should be Able to Play,Rob Landes,classical
That&#39;s Why VILLAINS Listen to Classical Music,Essential Classics,classical
N. Paganini Caprice no. 5 | Sumina Studer,Sumina Studer,classical
Best of Adagios - Classical Music Gems,Essential Classics,classical
SHE PLAYS LIKE AN ANGEL - The Sound of Silence | Karolina Protsenko - Violin Cover,Karolina Protsenko - Violin Music,classical
Indian Classical Violin by Ms Shruti Bhave  |  Learn Violin in Easy way on beAmusician.in,beAmusician,classical
Endaro Mahanubhavulu | Ganga Sasidharan | Ganga violin fusion | @BhagavathTv,BhagavathTv,classical
Tartini Violin Sonata in G minor &#39;&#39;Devil&#39;s Trill Sonata&#39;&#39;,La Stravaganza,classical
"Adagio (Cello, Piano, Violin) - Beautiful Relaxing Classical Music",ClassicalMusic Playlist,classical
Violin Music | Relaxing Violin Melodies for Study &amp; Focus,Strings & Keys,classical
André Rieu Greatest Hits 2024 🎶 The Best of André Rieu Violin Playlist 2024 🎻 Top 20 Violin Music,Opera Songs,classical
Tschaikowsky: Violinkonzert ∙ hr-Sinfonieorchester ∙ Hilary Hahn ∙ Andrés Orozco-Estrada,hr-Sinfonieorchester – Frankfurt Radio Symphony,classical
Wisdom in Solitude — Dark Neoclassical Cello,Chamber of Solitude,classical
Radha Krishna Bhajan | Top10 राधा कृष्ण भजन Radha Krishna Song 2026 | Krishna Ji Ke Bhajan | Bhajan,Supertone Digital,devotional
1 hour Nonstop मेरे तन में भी राम मेरे मन में भी राम | Ram Naam Jap | Powerful Ram Bhajan,Desi Rasiya Lok Geet,devotional
"कुसुम चौहान का शानदार भजन I मोह माया में उम्र बिताई रे , फिर अंत समय पछताए I Latest Bhajan 2026 I",Kusum Chauhan Satsang Bhajan,devotional
Bhela Besine Tame Bhajo Bhagvan - DHUN - Kiran Prajapati - ભેળા બેસીને ભજો ભગવાન - Gujrati Bhajan,Kp Studio ,devotional
बुधवार स्पेशल | गणेश जी के भजन 2026 | Ganesh Bhajan 2026 | Ganesh Ji Ke Bhajan | Ganesh Songs,Bhakti Sadhna भक्ति साधना,devotional
हनुमान जी के भजन | Hanuman Bhajan l Balaji Bhajan 2026| Hanuman Ji ke Bhajan | Bhajan,Bhakti Sadhna भक्ति साधना,devotional
Dwarika Na Nath - દ્વારિકા ના નાથ | Geeta Rabari | New Gujarati Bhajan 2026 | Dwarkadhish Song,GeetaBen Rabari,devotional
Asadha Asiba Jaye Dori Lagithau | Odia Bhajan Jukebox | Kumar Bapi | Rathajatra Special Bhajans,Sun Music Bhajan,devotional
यमुना जी के पावन तट पर नाम जप की अद्भुत महिमा। Bhajan Marg,Bhajan Marg,devotional
सारी दुनियाँ सोये| 🙏🌺#bhajan​ #love​ #shyamjibhakti​ #devotionalsong​ #radheshyam,bhakti guru 007,devotional
Bhajan Jamming | Backstage Siblings | Shree Ram Ki Gali Mein Tum Jaana ,Backstage Siblings,devotional
"देख बुढ़ापा अम्मा क्यूँ रोई, राम के भजन में ना आई - सत्संगी भजन | Satsangi Bhajan | Simran Rathore",Bhajan Mala Geet Mithas,devotional
"सोमवार भक्ति भजन : ॐ नमः शिवाय, कर्पूर गौरम करुणावतारं, शिव अमृतवाणी, शिव चालीसा, ॐ जय शिव ओंकारा",Maa Janki Bhajan,devotional
🙏🌺 viral Shiv charcha bhajan🙏🌺गौरा चल जा नैहरवा हमारा गम नईखे 🌿🎶 #bhakti #viral #bhajan #shivcharcha,Shikha Tiwari ,devotional
🙏जगन्नाथ चक्का नैन नीलाचल वाले | Jagannath Song | Puri Jagannath Bhajan 2026 | Bajao Bhakti #viral,BHAGTI ZONE,devotional
Rama Rama Ratte Ratte Biti Re Umariya | Samarpit The Band | Ram Bhajan | Bhajan Songs | Sanatan,Saregama Bhakti,devotional
GOVIND BOLO HARI GOPAL BOLO | VERY BEAUTIFUL SONG - POPULAR KRISHNA BHAJAN ( FULL SONG ),Bhakti Sadhna भक्ति साधना,devotional
राम भजन | नगरी हो अयोध्या सी || Nagri ho ayodhya si,Geet Bahar,devotional
पहले तुमको मनाऊं हे गजानन देवा | Ganesh Bhajan | Ganpati Bhajan #bhakti #shorts,Amritwani Sangam ,devotional
#krishna#krishnabhajan#bhakti #bhajan#om#love#emotional#viral#trending#viral#holi#shorts#radheshyam,Sona Bhakti Aura,devotional
शिव शंकर डमरू वाले II Lakhbir Singh Lakha II शिवजी के भजन II Shiv Shankar Damru Wale I #BhaktiDhara,Bhakti Dhara,devotional
सीता सीता सीता सीता राम गाइये ! Sita Sita Ram Gaiye - Shri Ram Bhajan ! Pujya Rajan Jee #bhajan2025,Pujya Rajan Jee,devotional
मोहे मोर बनइय्यो राधा | Mohe Mor Banaiyo Radha Apne Vrindavan Ko | Peaceful Radha Krishna Bhajan,Bajao Bhakti ,devotional
"सोमवार स्पेशल भजन : कर्पूर गौरम करुणावतारं, ॐ नमः शिवाय, शिव प्रार्थना, शिव अमृतवाणी, चालीसा व आरती",Vardan Bhakti,devotional
"नैहर में दीजिए भैया और ,भतीजावा🙏🕉️🔱#shivcharchatv #love #bhajan #video #song","गीतों की सरगम 🙏, रीता राज ",devotional
1 Hour Nonstop मेरे तन में भी राम मेरे मन में भी राम Ram Naam Jap Powerful Ram Bhajan,Mandawat Mp4 songs,devotional
श्याम सुंदर मेहर की नजर🌼💞👏Khatu Shyam bhajan #love #bhajan #shyam #yt,Shyam ji 26,devotional
yeh vrindavan hai pyare | ये वृंदावन है प्यारे | krishna bhajan | radha krishna #suvicharbydinesh,SuvicharByDinesh ,devotional
तीन बाण के धारी | छोटू सिंह रावणा | New Bhajan | Khatu Shyam | Teen Ban Ke Dhari | Chotu Singh Rawna,Bhajan Ganga भजन गंगा,devotional
जगन्नाथ चक्का नैन नीलाचल वाले⭕️‼️⭕️ | Jagannath Song | Puri Jagannath Bhajan 2026 | Bajao Bhakti,Reetu official,devotional
पूजा में मन नहीं लगता सुनिए बाबा जी का जवाब #bhajan #love#trending #shorts #short #devotional #viral,DS Short video 904,devotional
तेरी मंद मंद मुस्कानिया पे बलिहार साँवरे | Prakash Gandhi | New Krishna Bhajan 2025 | Krishna Bhajan,PMC Krishna Bhajan,devotional
#मोहे रुद्राक्ष बनइय्यो भोले🙏#bolenath #bhajan #kirtan #song #shortv #yt  @Roshanifirozabad,Roshani Firozabad,devotional
जिन पर कृपा राम करे वो पत्थर भी तीर जाते हैं | Jin Par Krupa Ram Kare Vo Paththar | Tilak Bhajanvali,Tilak Bhajanavali,devotional
निर्जला एकादशी के No.1 भजन Nirjala Ekadashi Bhajan 2026 Nonstop Ekadashi Song | Vishnu Bhajan 2026,Supertone Digital,devotional
जो भी दिया आपने ही दिया #bhajan#sagarshivachandeliya #youtubeshort1980,SagarshivaChandeliya 1980,devotional
जय श्री कृष्णा 🛕🚩||ek Krishna bhakt ki kahani||#krishna #bhajan #shorts #bhakti #shortvideo,Manish life vlog,devotional
#bhajan #bhakti #bhajan #krishna #krishnabhajan #radhakrishna #radheradhe  #cartoon #cartoonvideo,D.N.M ARTIFICIAL,devotional
Mohe Mor Banaiyo Radha Apne Vrindavan Ko | Radha Krishna Bhajan 2026 | Peaceful Krishna Bhajan 2026,KDM Digital Bhajan,devotional
🙏🔱 Bholenath Parvati Ji ka bhajan#trending #ytshorts #viralvideo #bhajan #mahadev #1million #song,Sonu Kumar,devotional
धमाकेदकर भजन || कीर्तन में आजा एक घड़ी || Rajasthani Devotional Song Bhajan 2026 @MadhurMarwadi,Madhur Marwadi,devotional
Duniya ye chalava hai 🙏#bhakti #bhajan #shorts #shyam,Vandana Gupta bhakti,devotional
#wow #quite #video #ytviral #baby #madhuwalasinha8749 #bhagvat #bhajan #video #papa ki pari,Madhuwala Sinha,devotional
kanha ji ke bhajan/ ओं मूरली वाले तु मूरली बजाना | #bhajanlyrics #krishnabhajan #kanhaiya #song,Nirmla Gour,devotional
Hari horaye namo Krishna💖🦚📿 #voktimulokgit #krishnabhakti #radheradhe #bhajan #youtubeshorts #shorts,অমৃত ভক্তি ধারা,devotional
Live : Lord Ganesha Bhakthi Songs | Ganapathi Ashtakam | Lord Ganesha Telugu Devotional Songs,Devotional Time,devotional
ബുധനാഴ്ച ദിവസം കേൾക്കേണ്ട ഭകതിഗാനങ്ങൾ | Hindu Devotional Songs malayalam | Malayalam Bhakthi Songs,Daily Hindu Devotional,devotional
Budhavaram Special | Lord Ganesh &amp; Ayyappa Swamy Bhakthi Songs Telugu | Divine Wednesday Devotional,3AM Bhakthi,devotional
Tuesday SPL MURUGAN TAMIL DEVOTIONAL SONGS | Murugan Bakthi Padalgal | Thiruppugazh,Emusic Abirami,devotional
Amme Narayana Lyrical Song | Guruthi Pooja | Ganesh Sundaram | Malayalam Devotional Song,Sony Music Malayalam,devotional
Wednesday Powerful Vinayagar Tamil Songs | Edutha Kaariyam And Muttamil Potrum Ganapathy,Emusic Abirami,devotional
Nandiyode Njan | Elizabeth Raju | Abraham Padinjarethalakkal | Malayalam Christian Devotional Songs,Christian Devotional Manorama Music,devotional
Shri Krishna Govind Hare Murari - Non Stop Krishna Bhajans Lofi | Bhakti Song | Krishna Bhajan,Radha Krishna Vibes,devotional
ശ്രീ പത്മനാഭ സ്വാമി ക്ഷേത്രത്തിലെ അതിമനോഹരമായ ഭക്തിഗാനം | Mahavishnu Devotional Songs,Music Shack Hindu Devotional Songs Malayalam,devotional
Kandha Sashti Kavacham | Murugan | கந்த சஷ்டி கவசம் | Original Full Video |  Mahanadhi Shobana,Symphony,devotional
ചൊവ്വാഴ്ച  ദിവസം കേൾക്കേണ്ട ദേവി ഭക്തിഗാനങ്ങൾ | Devi Devotional Songs Malayalam | Devi Bakthiganagal,Daily Hindu Devotional,devotional
Garuda Gamana Tava | Sri Maha Vishnu Stotram | Telugu Devotional Songs,MS Music,devotional
Songs Of The Week | Christian Devotional Songs Malayalam | Wilson Piravom | Kester | Joji Johns,Music Shack Christian Devotional Songs,devotional
Tuesday Powerful Murugan Suprabatham And Kavasam | Murugan Bakthi Padalgal | TAMIL LYRICS,Emusic Abirami,devotional
Onbathu Kolum | Vinayagar Songs Jukebox | Full Devotional Tracks | ஒன்பது கோளும் | விநாயகர் பாடல்கள்,Symphony,devotional
ഇന്ന് ബുധനാഴ്ച ഭക്തിയോടെ കേൾക്കാം ഗുരുവായൂരപ്പ ഭക്തിഗാനങ്ങൾ | Guruvayoorappan Devotional Songs,CL Records Music Company,devotional
അങ്ങകലെ മലമേലേ | Angakale Malamele MG Sreekumar | Poonkettu | Ayyappa Devotional Songs Malayalam,MC Audios And Videos Malayalam,devotional
സാമവേദം നാവിലുണർത്തിയ | Samavedam Navilunarthiya | MG Sreekumar Ayyappa Devotional | Rajeev Alunkal,mcaudiosindia,devotional
Hindu Bhakthi Ganangal | Malayalam Devotional Songs | Hindu Devotional Songs Malayalam,Music Shack Hindu Devotional Songs Malayalam,devotional
Devaki Nandana – Raghavendra Swamy Kannada Devotional | Sri Guru Rayaru Bhakti Geethe | Mantralaya,Shree's Bhakthi,devotional
Tuesday Special Lord Murugan Tamil Devotional Songs | Powerful Murugan Tamil Bakthi Padalgal,Shakti Manthiram - சக்தி மந்திரம் ,devotional
Ekadantaya Vakratundaya Gauri Tanaya Dhimi | Full Song with Lyrics | Shankar Mahadevan,Suprabha KV,devotional
సోమవారం స్పెషల్: శివుని భక్తి పాటలు | Lord Shiva Songs | Shiva Bhakti Songs | Shiva Songs,Maha Mantram - మహా మంత్రం ,devotional
Om Mahaprana Dipam - Audio Song | Sri Manjunatha | Hamsalekha | Shankar Mahadevan,Saregama Kannada,devotional
ജീവിതത്തിലെ എല്ലാ തടങ്ങളും ഇല്ലാതാക്കുന്ന ഗാനങ്ങൾ | Ganapathi Devotional Songs Malayalam,Music Shack Hindu Devotional Songs Malayalam,devotional
Brahma Murari - Lingastakam | Shiva Bhaktigeethe | Lord Shiva Devotional Song | JhankarMusic,Jhankar Music Bhakti,devotional
Friday Amman Bakthi Padalgal | Powerful Amman Tamil Devotional Songs,Emusic Abirami,devotional
പാലാഴിചേലോടെ |Palazhi Chelode | Deva Pamba | MG Sreekumar | Rajeev Alunkal | Ayyappa Devotional Song,mcaudiosindia,devotional
കൈലാസ വേലവൻ Kailasa Velavan | Vaikom Vijayalakshmi | Thaipooyam Speacial Muruga Devotional Song | 4K,MC Audios And Videos Malayalam,devotional
Friday Goddess AshtaLakshmi Bhakthi Padalgal | Ashtalakshmi Songs | LYRIC VIDEO,Emusic Abirami,devotional
நமசிவாய நமசிவாய  பாடல் | Namasivaya Song| Subam AudioVision #shivansongs #devotionalsong #spbsongs,Subam Audio Vision,devotional
Raghukula Thilaka Ra Ra | Full Song | Parnika | Sri Rama Song | Kondala Swamy | Praveen Teja | Pavan,Kondala Swamy Ayyappa Bhajanalu,devotional
ಜಗದೀಶ ಸರ್ವೇಶ ಮಲ್ಲೇಶ ಗೌರೀಶ |ShivaratriSpecial Kannada Movie Bhakthi Songs |Nonstop Devotional Jukebox,Shree's Bhakthi,devotional
Hey Dukh Bhanjan | Powerful Hanuman Bhajan | मन को शांति देने वाला हनुमान भजन |Hanuman Chalisa Vibes,NMF BHAKTI,devotional
ಸೋಮವಾರ ಶಿವ ಭಕ್ತಿ ಗೀತೆಗಳು | Bilvashtakam | Om Namah Shivaya | Monday Shiva Devotional Songs Kannada,Kannada Bhakti Songs - ಕನ್ನಡ ಭಕ್ತಿ ಹಾಡುಗಳು ,devotional
The Devotional Mashup Jukebox | Visual Galaxy | Shree Ram | Shree Krishna |Diwali Special 2025 Songs,Visual Galaxy,devotional
एक आस तुम्हारी है -  Ek Aas Tumhari Hai - Sanjay Mittal - Devotional Song @SaawariyaMusic,Saawariya,devotional
Somavaram Special | Lord Shiva Bhakthi Songs Telugu | Bilvastakam | Divine Monday Devotional Songs,3AM Bhakthi,devotional
Ente Nenju kotti Paadana Thottam Paattu | എന്റെ നെഞ്ച് കൊട്ടി പാടണ | M G Sreekumar | muthappan,HINDU DEVOTIONAL SONGS,devotional
Azhagendra Sollukku | அழகென்ற சொல்லுக்கு | T.M. Soundararajan | Tamil Devotional | Murugan Song,Saregama South Devotional,devotional
LIVE: ಶ್ರೀ ಗಣೇಶನ ಹಾಡುಗಳನ್ನು ಕೇಳಿದರೆ ಮನಸ್ಸು ಶಾಂತಿಯಾಗುತ್ತದೆ ಮತ್ತು ಬುದ್ಧಿ ಬೆಳೆಯುತ್ತದೆ | Ganesha Songs,Divya Bhakti - ದಿವ್ಯ ಭಕ್ತಿ,devotional
ഹര ഹര ഹര | Hara Hara Hara | M.G.Sreekumar | Super Hit Ayyappa Songs| Hindu Devotional Songs,MC Audios Ayyappa Devotional Songs,devotional
Lagan | Chashma Yaar Ka | Devotional Song | Saint Dr. Ram Rahim,Dera Sacha Sauda,devotional
"Best Telugu Devotional Songs of 2017 | Telugu Devotional Video Songs | Nagarjuna, Anushka Shetty",T-Series Telugu,devotional
സർവ്വമംഗളമംഗല്ല്യേ | Mookambika Devi Devotional Song | Leona Lishoy | Sarvamangala Mangalye #songs,Sargam Musics,devotional
Om Namo Bhagavate Vasudevaya Video Song -Telugu | Mahavatar Narsimha | Hombale Films | Sam CS,Think Music Telugu,devotional
Hoo Beke Parimalada Devotional Song | Dr. Vidyabhushana | Shri Vidyaprasanna Teertha Swamiji,Gaanasampada Devotional,devotional
Adivaram Special | Lord Surya Bhagwan Bhakthi Songs Telugu | Sunday Devotional Songs,3AM Bhakthi,devotional
"Official SGPC LIVE | Gurbani Kirtan | Sachkhand Sri Harmandir Sahib, Sri Amritsar | 25.06.2026","SGPC, Sri Amritsar",devotional
निर्जला एकादशीचे महत्त्व किती |बाळू महाराज गिरगावकर | Balu maharaj girgavkar kirtan ,GARJA MAHARASHTRA MAZA,devotional
सहा खासदार झाले गायब | इंदूरीकर महाराज कॉमेडी कीर्तन | indurikar maharaj comedy kirtan ,Gavran Tadka,devotional
જગમાં માં-બાપ જોવા નઈ મળે - વિડિયો  |  ધૂન મંડળી  |  Nidhi Khara  |  Satsang Kirtan,Nidhi Khara Official,devotional
आजचे नवीन कीर्तन / बाळू महाराज गिरगावकर | Balu maharaj girgavkar kirtan ,GARJA MAHARASHTRA MAZA,devotional
অম্বুবাচী চলাকালীন এই ভুলগুলি করবেন না ! ambubachi spacial ! ambubachi 2026 ! pradip pal kirtan,Popular Kirtan,devotional
"Official SGPC LIVE | Gurbani Kirtan | Sachkhand Sri Harmandir Sahib, Sri Amritsar | 24.06.2026","SGPC, Sri Amritsar",devotional
New Shabad Gurbani Kirtan 2026 Jukebox - New Shabad Kirtan - Best Shabad Kirtan - Nonstop Shabad,Best Records ਗੁਰੂ ਕੀ ਬਾਣੀ,devotional
চাইলেই সুখ মেলে না কেন? | সম্পা গোস্বামী কীর্তন | sampa goswami kirtan 2026,Kirtan Queen,devotional
एकदा बघाल दिवसभर हसाल ! | हभप. सुनिता ताई आंधळे | Sunita Tai aandhale kirtan marathi ,Gajar Pandharicha,devotional
महिना धोंड्याचा त्रास सासुरवाडीला | इंदुरीकर महाराज नवीन  किर्तन | indurikar maharaj comedy kirtan,Super Maharaj,devotional
Best ISKCON Kirtan 2026 | Hare Krishna Hare Rama | Deep Meditation &amp; Inner Peace,Spiritual Tunes,devotional
एकवेळ नक्की ऐकाच • रोहिणी ताई परांजपे कीर्तन • Rohini Tai Paranjape kirtan• ledies kirtan marathi ,गजर विठ्ठलाचा / Gajar Vitthalacha,devotional
১০ হাজার ভক্তকে কাঁদিয়ে দিল মেদিনীপুর নবকুঞ্জ আসরে | Anurag Chatterjee Kirtan | অনুরাগ চ্যাটার্জি,Kirtan samaj,devotional
खुपचं विनोदी कीर्तन | बाळू महाराज गिरगावकर | Balu maharaj girgavkar kirtan ,GARJA MAHARASHTRA MAZA,devotional
डोकेबाज माणूस IAS तुकाराम मुंडे साहेब | इंदोरीकर महाराज नवीन किर्तन I Indorikar Maharaj New Kirtan,विठुराया ,devotional
आवाजाची जादूगार पुरुषोत्तम महाराज पाटील !  संपूर्ण किर्तन चैनल वर पाहायला मिळेल ! Kirtan #kirtan,फ्रेश किर्तनकार Fresh Kirtankar,devotional
ভাগ্যে না থাকলে সুখ ঘরে থাকে না। তার সত্য প্রমাণ [Sampa Goswami] সম্পূর্ণ নতুন লীলা ২০২৬!!,Bongo Bangla kirtan,devotional
विष्णु कीर्तन | Om Namo Bhagavate Vasudevaya | ॐ नमो भगवते वासुदेवाय Kirtan | Powerful Vishnu Mantra,Powerful Mantra 2026,devotional
এই কীর্তনটি শুনে রাজ্যের নতুন মুখ্যমন্ত্রীও কেঁদেছে | শ্যামসুন্দর দাস | Shyamsundar Das Kirtan 2026,Kirtan Studio India,devotional
[যে কাঁদায় সেও একদিন কাঁদবে] সম্পা গোস্বামী কীর্তন। Sampa goswami kirtan,ssc kirtan jagat,devotional
Hari Leela - 09 | Kirtan Medley - 02 | કીર્તન મેડલી | 03 May 2026 | Gyanjivandasji Swami -Kundaldham,Swaminarayan,devotional
joshnamayee dixit kirtan hare rama hare krishna // Joshnamayee dixit nam sur // At - Bargaon ,Golden Kirtan ,devotional
Joi Murti Manohar... | Kirtan Kiran - 14 | 15 Feb 2026 | Gyanjivandasji Swami - Kundaldham,Swaminarayan,devotional
Hare Krishna Hare Rama | Soulful Kirtan 2026 | Peaceful Bhajan for Mind &amp; Soul,Krishna Kirtan Dhwani,devotional
Best Of ISKCON Kirtan | Hare Krishna Hare Rama | Deep Meditation &amp; Inner Peace | Krishna Bhajan 2026,Dev Sangeet Habibpur™,devotional
ইসকন মায়াপুর প্রভাতী কীর্তন | ISKCON Mayapur Morning Kirtan | শ্রীখোল কীর্তন,Shri Khol Kirtan,devotional
New Shabad Gurbani Kirtan 2025 Jukebox - New Shabad Kirtan - Nonstop Gurbani - Nonstop Shabad Kirtan,Best Records ਗੁਰੂ ਕੀ ਬਾਣੀ,devotional
शेतकरी असाल तर किर्तन ऐका | बाळू महाराज गिरगावकर | Balu maharaj girgavkar kirtan ,GARJA MAHARASHTRA MAZA,devotional
Keri Jame Hari... | Kirtan Kiran - 17 | 17 May 2026 | Gyanjivandasji Swami - Kundaldham,Swaminarayan,devotional
Hare Krishna Mahamantra 1 Hour Chanting | Hare Krishna Hare Rama | ISKCON Kirtan | Krishna Bhajan,Pinakin Music,devotional
Powerful Mahamantra Chanting | Spiritual Awakening | Sound of Mayapuri |  Non Stop ISKCON Kirtan,Bhakti Sagar Official,devotional
প্রদীপ পাল কীর্তন | pradip pal kirtan | prodip pal kirton | prodip pal new kirton song 2026,Kirtan India,devotional
সংসারের শুভ লক্ষণ গুলি কী কী? / পবিত্র মুখার্জী কীর্তন | Pabitra Mukherjee Kirtan 2026,Kirtan,devotional
Odisha Best Ladies Kirtan Party | Sunita Sahu Kirtan Sambalpuri | Sunita Sahu Kirtan Dhara 2026,Sarthak kirtan odia,devotional
કરમમાં માંડયું હોય તે થાય 🙏 | Dhun Mandal Kirtan | Renuka Patel | Gujarati Bhajan 2026,Renuka Patel Official,devotional
आता चालू असलेले कीर्तन | इंदूरीकर महाराज कॉमेडी कीर्तन | indurikar maharaj comedy kirtan | ,Gavran Tadka,devotional
Hare Krishna kirtan - best kirtan hare krishna bhajan - kirtan song - iskcon kirtan Joy,Sadhu bhushan das,devotional
মায়েরা সাবধান। ৭ই  আষাঢ় অম্বুবাচী লাগছে || ভুলেও এই কাজগুলি করবেন না Kirtan moumita ||মৌমিতা ঘোষ,Madhumita kritan,devotional
काल झालेल नवीन कीर्तन पुरुषोत्तम महाराज पाटील | purushottam maharaj patil #kirtan,Vithu majha  विठू माझा ,devotional
Vala Ghanu Kerio Jame... | Kirtan Kiran - 18 | 31 May 2026 | Gyanjivandasji Swami - Kundaldham,Swaminarayan,devotional
সকালের অপূর্ব কৃষ্ণনাম | HARE KRISHNA HARE RAMA MAHAMANTRA | NON STOP KIRTAN | হরে কৃষ্ণ হরে রাম ||,PRAAN,devotional
Hum Baithe Tum Deho Aseesa | New Shabad Gurbani Kirtan | Bhai Anantvir Singh Ji LA | Amritt Saagar,Gurbani Shabad Kirtan - Amritt Saagar,devotional
Bhaj Gaurang Kaha Gaurang | Srivas Aangan Special | kirtan |Smt.Renuka Goswami Ji | Nimaipathshala ,Nimai Pathshala,devotional
Aarti Ambe Tu Hai Jagdambe Kali With Lyrics By Anuradha Paudwal [Full Video Song] I Aarti,T-Series Bhakti Sagar,devotional
ॐ जय जगदीश हरे आरती Om Jai Jagdish Hare Aarti I ANURADHA PAUDWAL I Vishnu Aarti I Video SongAartiyan,T-Series Bhakti Sagar,devotional
सबसे ज़्यादा सुनी जाने वाली आरतियां | सम्पूर्ण आरती संग्रह | जय लक्ष्मी माता | जय गणेश देवा,Yuki Music,devotional
Jay Adhyashakti Aarti - Ambe Maa Aarti - Kinjal Dave - KD Digital,KD Digital,devotional
"Ambe Maa Aarti | Jai Adhyashakti | Ratansinh Vaghela, Damyanti Barot | Gujarati Bhakti Songs",RDC Bhakti Sagar,devotional
सुखकर्ता दुःखहर्ता (गणपती आरती) - जय देव जय देव || JAI DEV JAI DEV - SUKH KARTA DUKH HARTA (AARTI),T-Series Bhakti Marathi,devotional
Aarti Kunj Bihari Ki KRISHNA AARTI with LYRICS By HARIHARAN I FULL VIDEO SONG I JANMASHTAMI SPECIAL,T-Series Bhakti Sagar,devotional
लक्ष्मी आरती हिंदी | Mata Laxmi Aarti in Hindi | Om Jai Laxmi Mata | Shemaroo Bhakti,Shemaroo Bhakti,devotional
Ambe Tu Hai Jagdambe Kaali | Narendra Chanchal | Ambe Maa Aarti | Mata Aarti | Ambe Maa Bhajan,Tips Bhakti Prem,devotional
Aarti 16 संपूर्ण आरती संग्रह |  Sampurna Aarti Sangrah : Aarti Sangrah | Sukh Karta Dukh Harta Aarti,Wings Marathi Bhakti,devotional
Sukhkarta Dukhharta | Ganpati Aarti For Prosperity &amp; Success | Marathi Devotional Song,Rajshri Soul,devotional
Aarti | संपूर्ण आरती संग्रह | sampurn Aarti Sangrah | swami mauli bhaktigeet | Tapasvi kaka,Swami Mauli Bhakti Geet,devotional
MAIYA KE AARTI | #pawansingh | NEW DEVI GEET  | VIDEO SONG | मईया के आरती @WorldwideRecordsBhojpuri,Worldwide Records Bhojpuri,devotional
"सम्पूर्ण आरती संग्रह : सबसे ज्यादा सुनी जाने वाली आरती, जय गणेश देवा, जय जगदीश हरे, जय लक्ष्मी माता",Nova Spiritual India,devotional
Aarti Kunj Bihari Ki || आरती कुंजबिहारी की || Krishan Aarti,Shree Jee - Bhakti,devotional
कान्हा से प्यार हो जाएगा Hey Gopal Krishna Karu Aarti Teri - Krishna Bhajan 2026 : New Bhajan 2026,Bhakti Ras,devotional
Durga Ji Ki Aarti - Jai Ambe Gauri Full with Lyrics | Mata Ki Aarti | Mata Ke Bhajan | Durga Aarti,Nova Spiritual India,devotional
"श्याम बाबा आरती,Shyam Baba Aarti,Lakhbir Singh Lakkha,New Khatu Shyam Aarti,Lord Shyam Aarti",JMD Bhakti Sagar,devotional
नवरात्रि Special आरतियाँ | Durga Ji Ki Aarti | Jay Ambey Gauri | Mata Ki Aarti | Durga Aarti,Narayani Bhakti,devotional
"Om Jai Jagdish Hare Aarti Sangrah, Best Aarti Collection By Anuradha Paudwal I Audio Juke Box",T-Series Bhakti Sagar,devotional
गणपती आरती Ganpati Aarti - सुखकर्ता दुखहर्ता Sukhkarta Dukhharta Full Aarti | Ganpatichi Aarti,Nova Marathi Bhakti,devotional
"temple aarti sound with sankh,temple aarti music,temple aarti bell,#shankhnad #शंखनाद",Aawaz Records,devotional
Sukh Karta Dukh Harta Lyrics By Sadhana Sargam | Ganesh Aarti  सुखकर्ता दुखहर्ता आरती | Ganpati Song,Wings Music Store ,devotional
संपूर्ण मराठी आरती संग्रह Marathi Aarti Sangrah | Ganpati Aarti | Devichi Aarti | Aarti Sangrah,Nova Marathi Bhakti,devotional
आरती अम्बे तू है जगदम्बे काली | Aarti Ambe Tu Hai Jagdambe Kali With Lyrics | ANURADHA PAUDWAL,T-Series Bhakti Sagar,devotional
आरती सुनते ही जीवन से हट जाएंगे सारे संकट | Mata Rani Ki Aarti | Navratri Aarti | Durga Ji Ki Aarti,Nau Devi Aarti,devotional
Jai Ganesh Jai Ganesh Deva | जय गणेश जय गणेश देवा | Ganeshji Ki Aarti | Lord Ganesh Aarti,Shemaroo Bhakti,devotional
नागणेची माताजी आरती Nagnechi Mataji Aarti | नमण करूं हे म्हारी मात नागणेचियाँ | Kalu Singh Gangasara,MARUDHAR RI RASDHAR (मरूधर री रसधार),devotional
Trend with My special one 😘🌏 |Aarti sahu | #shorts #trending #krishna,Aarti Sahu,devotional
Sampurna Aarti Sangrah||Famous Aarti Sangrah With Lyrics||Top 8 Nonstop Aarti Sangrah|Milind Mulekar,Milind Mulekar Music ,devotional
శ్రీ మహాలక్ష్మీ దేవికి అర్పించే మంగళహారతి 🙏 Powerful Lakshmi Aarti Song #astrology #cake #jaidmeel,Durga Bhakti,devotional
Saibaba Dhoop Aarti | साईबाबा धूप आरती : Evening Original Aarti | Pramod Medhi | Sai Aashirwad,Sai Aashirwad,devotional
Shree Siddhivinayak Mantra &amp; Aarti | Amitabh Bachchan|Ganesh Ji Ki Aarti|Ganesh Bhajan|Ganesh Mantra,Ganeshaya Dheemahi,devotional
Sri Jagannath Morning Aarti | ଶ୍ରୀ ଜଗନ୍ନାଥ ଆରତୀ | Namita Agrawal &amp; Subash Dash | Sidharth Bhakti,Sidharth Bhakti,devotional
Bhor Bhai Din Chad Gaya Meri Ambe - Ambe Maa Aarti | Mata Ki Aarti | Mata Ke Bhajan | Alka Yagnik,Nova Spiritual India,devotional
Krishna Aarti - Main Aarti Teri Gau O Keshav Kunj Bihari Full Song | Krishna Bhajan | Morning Bhajan,Nova Spiritual India,devotional
Ganpati Aarti | Sukhkarta Dukhharta Full Aarti | Lata Mangeshkar | Devotional Songs | Garathi Songs,Saregama Marathi,devotional
महाशिवरात्रि विशेष: ॐ जय शिव ओमकारा Om Jai Shiv Omkara Aarti🙏Shiv Ji Ki Aarti🙏| LAKHBIR SINGH LAKKHA,T-Series Bhakti Sagar,devotional
Main Aarti Teri Gaoun O Keshav Kunj Bihari | Krishan Aarti | Rishita Malkania,NRM Creation,devotional
"This Jay Adhyashakti Aarti Will Give You Goosebumps | Jigardan Gadhavi ft. Dhruvin, Kinjal, Yati",JOJO Bhakti,devotional
Om Jai Lakshmi Mata Aarti With Lyrics | Lakshmi Aarti For Wealth &amp; Prosperity | लक्ष्मी माता आरती,Rajshri Soul,devotional
"नवरात्रि विशेष आरती: जय अम्बे गौरी Jai Ambe Gauri Aarti,🙏Durga Ji Aarti🙏,ANURADHA PAUDWAL,Devi Aarti",T-Series Bhakti Sagar,devotional
Arati Mahakali | Marathi Devotional Song | Devi Mahakali | Aarti ovalite aai mahakali devichi,Nitin Tarfe,devotional
गणपति आरती : Ganpati Aarti | Sukhakarta Dukhharta Full Aarti | सुखकर्ता दुखहर्ता | Sadhana Sargam,Wings Marathi,devotional
AARTI {Aqeedat-e-Sartaaj} | SATINDER SARTAAJ | 550th Birth Fiesta of Guru Nanak Dev Ji | Devotional,SagaHits,devotional
Lord Siva  Mangalarathi  || Lord Siva Devotional Songs,Disco Recording Company - Telangana Folks,devotional
संपूर्ण मराठी आरती संग्रह शब्द रचनेसह | Sampurna Marathi Aarti Sangrah Sukh Karta Dukh Harta Aarti,JAAMBHAARI,devotional
51आरती सँग्रह || Vandana Vajpai || Most Popular Aarti &amp; Mantra,Sonotek Bhakti,devotional
Jai Aadhyashakti | Mataji Ni Aarti | Folkbox feat. Aditya Gadhvi,Aditya Gadhvi,devotional
संपूर्ण गणपती आरती संग्रह Ganpati Aarti Sangrah | Sukhkarta Dukhharta Full Aarti | Ganpati Songs,Nova Marathi Bhakti,devotional
DILBAR Full Song | Satyameva Jayate | John Abraham Nora Fatehi | Tanishk B Neha Kakkar Ikka Dhvani,T-Series,pop
Afghan Jalebi (Ya Baba) FULL VIDEO Song | Phantom | Saif Ali Khan Katrina Kaif Pritam Asrar T-Series,T-Series,pop
"Billboard Pop Music 2026 🌈 Rihanna, Ariana Grande, Dua Lipa, Adele, Justin Bieber, Ed Sheeran",Top Music Hits,pop
Shaky ( Official #Video ) Sanju Rathod Ft. Isha Malviya | G-Spark | New #Marathi Songs 2025,Sanju Rathod SR,pop
Fifth Harmony - Work from Home (Official Video) ft. Ty Dolla $ign,FifthHarmonyVEVO,pop
Best Of Bollywood Dance Hits 8K (Video Jukebox) | Non Stop Bollywood Dance Songs,T-Series,pop
Coke Studio | Season 14 | Pasoori | Ali Sethi x Shae Gill,Coke Studio Pakistan,pop
Dekha Hai Teri Aankhon Ko (Official Music Video) Aryans | Nandini Singh &amp; Sailesh Gulabani,Universal Music India,pop
&quot;Soda Pop&quot; Official Lyric Video | KPop Demon Hunters | Sony Animation,Sony Pictures Animation,pop
Hindi Ladies Pop Songs | Hindi Album Songs - Kaliyon Ka Chaman | Kaanta Laga | Mere Naseeb Mein,DJ RAV UK,pop
Dil Lutiya | Jazzy B | Ft. Apache Indian | Sukshinder | Romeo | Jihne Mera Dil Luteya | Punjabi Hits,Tips Punjabi,pop
Tauba Tauba | Bad Newz | Vicky Kaushal | Triptii Dimri | Karan Aujla,Saregama Music,pop
Alisha Chinai - Made In India - Alisha Chinai | Official Lyric Video,SonyMusicIndiaVEVO,pop
Top Songs Cover 2026 🎙️ Hot Hit Music Pop Playlist ✨Pure Tracks,Pure Tracks,pop
"Top 20 Pop Songs 2025 ♫ Bruno Mars, Lady Gaga, Dua Lipa, Adele, Ed Sheeran, The Weeknd #18",Slow Acoustic,pop
"Full Video: Akh Lad Jaave | Loveyatri | Aayush S|Warina H |Badshah, Tanishk Bagchi,Jubin N, ,Asees K",T-Series,pop
Top Spotify Hits 2026 🍂 Best English Songs 2026 -Trending Music 2026 🎶 New Pop &amp; Latest Pop Songs,Top Hits Acoustic,pop
Baby Calm Down (FULL VIDEO SONG) | Selena Gomez &amp; Rema Official Music Video 2023 | HD 4K,VOVI Music,pop
Non-Stop Indi Pop Classics | Best Of 90s Pop Music | Third Dimension &amp; Dj Akshay,VDJ Third Dimension,pop
"Top Hits 2026 🌍Trending Pop Songs 2026 ♫ Ed Sheeran, Shakira, Bruno Mars, Maroon5, Taylor Swift",Chill Pop Sunset,pop
Top Hits 2026 - New Popular Songs 2026 - Best English Songs ( Best Pop Music Playlist ) on Spotify,Top Hits Acoustic,pop
Aryans - Dekha Hai Teri Aankhon Ko,AryansVEVO,pop
"Kehdoon tumhe ya chup rahoon remix new version (Video) | Kishore Kumar, Vaishali Samant, DJ Aqeel",Universal Music India,pop
"&#39;Chittiyaan Kalaiyaan&#39; FULL VIDEO SONG | Roy | Meet Bros Anjjan, Kanika Kapoor | T-SERIES",T-Series,pop
GUESS THE 100 ICONIC POP SONGS 🤯 🎵 ULTIMATE POP SONG QUIZ | Song Quiz,The Quizness,pop
Pop Music 2025 - Top Pop Songs 2025 - Billboard Top 100 🎧🔥 Justin Bieber Billie Eilish Miley Cyrus,Revive Music,pop
1974AD Songs Collection | Nepali Pop | Juke Box,Arjun Upadhyay,pop
Top Hits 2026 🎙️ Top Songs Hot Hit Music Pop Playlist ✨ Pure Tracks,Pure Tracks,pop
Woh Chali Woh Chali (Official Video) Bombay Vikings  | Superhit Pop Song,Universal Music India,pop
Hit Pop Collections | Jomsome Bazarma | Jati Maya Laya Pani | Deurali Ko Chautarima | Aakashaima,Music Nepal ,pop
"Ride It - Jay Sean (Lyrics) | Imagine Dragons, Fifty Fifty (Mix 2023) Song",Playbeat,pop
"Spotify Pop Hits 2026 ♫ Lady Gaga, Bruno Mars, Ed Sheeran, Billie Eilish, Miley Cyrus, Tate McRae#13",Slow Acoustic,pop
One Direction - Night Changes,OneDirectionVEVO,pop
Samhalincha Kahile Man | Sugam Pokhrel | Superhit Nepali Song | Nepali Pop Song,Music Nepal ,pop
Golden Sparrow - Video Song | Dhanush | Priyanka Mohan | Pavish | Anikha | GV Prakash #NEEK,Wunderbar Films,pop
🟢Top Hits Spotify Music 2026 || Viral Pop and Tiktok Songs -- Best Music Travel Spotify 2026,JsVibes Music,pop
Hindi Pop Songs l Best 90s Hindi Hits album Music Old is Gold l Best Hindi Album l@djadityanr,DJ ADITYA NR & DJ SHELIN ,pop
Justin Bieber - DAISIES (Lyrics),Lost Panda,pop
"Rod Stewart, Phil Collins, Elton John, Air Supply, Bee Gees, Lobo | Soft Rock Love Songs 70s 80s 90s",SOFT ROCK MOVIE SONGS,pop
Best Acoustic Covers of Popular Songs 2026 🌿 Deep Focus &amp; Chill Study Music,Cafe Music,pop
"Aaj Ki Raat - Full Song | Stree 2| Tamannaah Bhatia, Rajkummar Rao, Sachin-Jigar, Madhubanti,Divya K",Saregama Music,pop
Making a song using 3 random words #shorts #music #pop,Yung Trip,pop
GURU RANDHAWA - &quot;AZUL&quot;  MV,Guru Randhawa,pop
Timi Ruda Eklai Huda - Dhiraj Rai | All Time Hit Nepali Pop Song 2018,Dhiraj Rai,pop
2000s–2010s Pop Mix | Best Throwback Hits (Nonstop Party Mix),Bryan Neville,pop
Sugam Pokharel Tribute Playlist | 5 Emotional Nepali Songs | AI Cover Album,SoundPulseHQ,pop
"Top 5 Best Phonk Songs Of 2025 |Manasha , Life Force , X-Tali , Vidrado Em Voce |#shorts#trendingnow",We R Cinephiles,pop
Mohabbat Kabhi Maine Ki To Nahi Thi (Full Video Song) by Sonu Nigam &quot;Yaad&quot;,Pop Chartbusters,pop
Músicas Pop em Inglês Mais Tocadas 2025 🟢 Top 100 Músicas Acústicas Pop Internacionais 2025,Neon Beats,pop
Top Hits 2026 ~ Trending Songs 2026 ~ Top Songs 2026 Top Music 🎶🎧,Revive Music,pop
"Summer Mix 2025 🍓 Best Popular Songs 2025 🍓Faded, Supergirl, A Sky Full Of Star, Perfect Cover",Deep Radio,pop
"Best Pop Hits Mix 2026 Vol. 3 🔥 Bruno Mars, The Weeknd, Ariana Grande, Justin Bieber, Ed Sheeran",ZJ Liquid Music,pop
Top Hits 2026 Playlist ~ Trending Music 2026 🎵 Spotify Mix ~ Best TikTok Songs (Hits Collection),Dynamic Deep House,pop
Sabrina Carpenter - Espresso,SabrinaCarpenterVEVO,pop
"Ed Sheeran, Shakira, Taylor Swift, Selena Gomez, Rema 🔥 Top Hits 2026 🌍| Viral Spotify Songs Today!",Revive Beats,pop
🌿Top Hits Music Spotify 2026🎧|| Top Trending Pop Music Spotify -- Slow Acoustic English Songs,JsVibes Music,pop
"Ed Sheeran, Bruno Mars, Dua Lipa, Adele, Maroon 5, Rihanna, The Weeknd - Pop music 2025",Billboard Hot 100,pop
"Billboard Pop Songs 2025 Playlist ✨Ed Sheeran, The Weeknd, Bruno Mars, Rihanna, Sia, Adele, Dua Lipa",Top Hits Vibes,pop
Top 100 Viral English Songs 2025–2026 🔥 Trending TikTok Hits &amp; Spotify Chart Music,Hit Makers Hub,pop
Top Hits 2025 ~ Top Music Playlist 2025 ~ Top Songs 2025 🎶🎧,Revive Music,pop
Viral Spotify Song 2026🔥🎵| Newest English Love Song That Hit Deep | Soft Acoustic Playlist,Acoustic Anna,pop
New OPM Hits 2025 🎧 Trending Tagalog Love Songs Philippines,Serenata,pop
"Spotify Pop Hits 2025 🔥 Lady Gaga, Bruno Mars, Ed Sheeran, Billie Eilish, Miley Cyrus, Tate McRae #1",Sunset Playlist,pop
"SZA, Billie Eilish, Adele, Sam Smith, Teddy Swims, Morgan Wallen | Best Hits Mix 2025",ZJ Liquid Music,pop
Top 5 Funk song of 2025,ZIRCO,pop
"Pop Song 2026 ✨ Bruno Mars, Adele, Dua Lipa, Ed Sheeran, Selena Gomez, Maroon 5, Taylor Swift",Trending Songs 2026,pop
DJ REMIX SONG 2026 - Mashups &amp; Remixes of Popular Songs 2026 | DJ Remix Music Disco DJ Club Mix 2025,Valentino Sirolli,pop
Bruno Mars Top Songs 2025| Best BRUNO MARS Music Playlist| BRUNO MARS Music Mix #brunomars,Apple Dog Snack,pop
"PARTY MIX 2026 ⚡ Mashups &amp; Remixes of Popular Songs 2026 ⚡ Tiësto, David Guetta, Hardwell, Afrojack",Atus Music,pop
"POP LATINO 2025 - Carlos Vives, Sebastián Yatra, Maluma, Luis Fonsi II MIX MUSICA 2025 LOS MAS NUEVO",Latino Mix,pop
Viral Pop Songs Cover 2026 🎙 Top Music Playlist Hits,Acoustic Therapy,pop
Best Benson Boone Songs | Pop Hits Playlist 2025,Benny Boone,pop
Best Cover Songs 2026 🎙️ Top Songs Hot Hit Music Pop Playlist ✨ Pure Tracks,Pure Tracks,pop
Palagi - TJ x TK💗 Best OPM Tagalog Love Songs - NEW OPM Trending 2025 Playlist,OPM Wish 2025,pop
2026 Top Hits Clean ♫ Trending Clean Music 2026 🔥 Best Pop Clean Hits for Workout &amp; Classroom 2026,Amazing Vibes,pop
Best Acoustic Songs 2025 💖 Chill English Acoustic Love Songs Cover 💖 Acoustic Songs 2025 Playlist,Sweet Acoustic Music,pop
Tyla - IS IT (Official Music Video),TylaVEVO,pop
WHAT 2025 SOUNDS LIKE | A Year-End Megamix (Mashup of 150+ Songs) // by Adamusic,Adamusic,pop
Taylor Swift - The Fate of Ophelia (Official Music Video),Taylor Swift,pop
Best 10 English Pop Songs 2025–2026 ✨ Viral HotHit Music Playlist 🎧🔥,Voxlily,pop
Summer songs to dance ~ Best songs that make you dance,A.C Vibes,pop
Best songs that make you dance 2024 🍧 Dance playlist 2024 ~ Songs to sing &amp; dance,Love Life Lyrics,pop
"Pop Musics 2026 ♫ Bruno Mars, Lady Gaga, Dua Lipa, Adele, Ed Sheeran, The Weeknd ♫ Best playlist2026",Cloudmoon Sound,pop
Top Hits Philippines 2026 💎 Spotify Playlist 2026 Update - Today&#39;s Top Hits (Viral OPM Songs),OPM Vibes,pop
Party songs 2025 🌈 Best dance songs 2025 ~ Songs that make you dance,Love Life Lyrics,pop
Sushant KC - Pahuna (Official Music Video),Sushant KC,pop
Musica Pop en Ingles 2025 🔵 Musicas Internacionais Mais Tocadas 2025 🔵 Top 100 English Songs,Neon Beats,pop
Pop Hits Indonesia 2025 — Enak Didengar Saat Santai🍃 | Playlist Chill Cover by Valovadinata 🤍🎧,Valovadinata,pop
Dua Lipa - New Rules (Official Music Video),Dua Lipa,pop
Hits Radio 1 Live Pop Radio&#39; Top Hits 2025 - Pop Music 2025 - New Songs 2025 Best English Songs 2026,Radio Hits Music,pop
"Lady Gaga, Bruno Mars - Die With A Smile (Official Music Video)",LadyGagaVEVO,pop
Ed Sheeran - Shape of You (Lyrics),7clouds,pop
🎉 Pop Party Hits Mix #04 |  Early 2010s Club Hits  - Dj StarSunglasses @DjStarSunglasses,Dj StarSunglasses,pop
Britney Spears - ...Baby One More Time (Official Video),BritneySpearsVEVO,pop
"Top 20 Pop Spotify Today! 🌍 Top Hits 2026 ♫ Ed Sheeran, Shakira, The Weeknd, Dua Lipa, Billie Eilish",Revive Beats,pop
The Weeknd - Save Your Tears (Official Music Video),TheWeekndVEVO,pop
🎵 The 10 Most Popular Pop Songs in History 🎶,Vibe Factory,pop
"The Weeknd, Madonna, Playboi Carti - Popular (Official Music Video)",TheWeekndVEVO,pop
"POP HITS 10s 20s DJ SET (Bruno Mars, Miley Cyrus, Imagine Dragons, Coldplay, Ke$ha, The Weeknd…)",Dynamix,pop
KATSEYE - Gabriela (Lyrics),7clouds,pop
90&#39;s Pop Party Mix | Britney x BSB x NSYNC x Spice Girls | @djunltd,DJ UNLTD,pop
Beauty And A Beat,Justin Bieber - Topic,pop
Pop Hits Music Spotify 2026🐹|| Soft Acoustic English Songs ~ Viral Tiktok Songs 2026,JsVibes Music,pop
Over You - Daughtry | Pop / R&amp;B Version by Pop Hit Factory,Pop Hit Factory,pop
2000&#39;s music hits ~throwback playlist ~2000s vibes mix,Amazing Melody,pop
"Bruno Mars, Maroon 5, Adele, Ed Sheeran, Dua Lipa, Rihanna, The Weeknd - Billboard Top 50 This Week",J-pop Caty,pop
Mark Ronson - Uptown Funk (Official Video) ft. Bruno Mars,MarkRonsonVEVO,pop
BEST ROCK &amp; POP SONGS ON PIANO,Margarita Sipatova,pop
🎉 Pop Party Hits Mix #03 | Middle 2000s &amp; Early 2010s Mix - Dj StarSunglasses,Dj StarSunglasses,pop
Benson Boone - Beautiful Things (Official Music Video),Benson Boone,pop
Bruno Mars - I Just Might [Official Music Video],Bruno Mars,pop
"Trending Spotify Pop 2026 🎧 Shakira, Justin Bieber, The Weeknd, Alan Waker, Bruno Mars, Ed Sheeran",Chill Pop Sunset,pop
Most Streamed Songs Of ALL TIME,AaronTheHipHopGuy,pop
"2026 Best Pop Hits🚀🎧Taylor Swift, Ariana Grande, Justin Bieber,  Dua Lipa🔥Billboard &amp; Spotify Hits",Moonlight Chill Vibes,pop
Nelly Furtado - Say It Right (Official Music Video),NellyFurtadoVEVO,pop
Avril Lavigne - Complicated (Official Video),AvrilLavigneVEVO,pop
"Top Hits 2026 🌍Trending Pop Songs 2026 ♫ Bruno Mars, Shakira,Lady Gaga, Adele, Ed Sheeran,The Weeknd",Chill Pop Sunset,pop
Miley Cyrus - Party In The U.S.A. (Official Video),HollywoodRecordsVEVO,pop
"The Top POP Song Every Year! Which Is Your Favorite? (Katy Perry, Justin Bieber, The Weeknd, Dua..)",DJ Precise,pop
"Ed Sheeran, Shakira, The Weeknd, Dua Lipa, Billie Eilish 🔥Top Hits 2026🌍| Trending Spotify Pop Hits",Revive Beats,pop
"Top Hits 2026 🌍 | Best Pop Songs Playlist 🚀 Rihanna, Bruno Mars, Ed Sheeran, Dua Lipa, Justin Bieber",Timeless Pop Music,pop
TOP  10 Most Popular English Songs in 2025 [part -2] #thandaj,TH ANDAJ,pop
"Ed Sheeran, Rihanna, Selena Gomez, Bruno Mars, Maroon 5, Zayn, Adele, Dua Lipa 💎 Billboard Hot 100",Top Hits Music,pop
🔥Top 5 VIRAL English Songs You Need to Hear Now🔥,OtifyBox,pop
Clout - Substitute • TopPop,TopPop,pop
Best Radio 1 POP Hits [ 24/7 Live ] Best of POP 2026 Songs | 2026 Pop Playlist | Hits Music,Radio Mix,pop
Trending Best Pop Songs of 2026 🎧 || Top Hits in English 🎶 || Most Listened Pop Songs ever,Elsie Playlist,pop
"Top 20 Pop Songs 2026 ♫ Bruno Mars, Lady Gaga, Dua Lipa, Adele, Ed Sheeran, The Weeknd #28",Slow Acoustic,pop
"Top Hits 2026 🎙️Best Summer Songs 2026 ♫ Avicii, Shakira, Ed Sheeran, Justin Bieber, The Weeknd#13",Sunsea Music,pop
"Adele, Rihanna, Selena Gomez, Dua Lipa, Bruno Mars, The Weeknd, Maroon 5, Zayn - Billboard Hot 100",Pop Music,pop
Top 10 legendary song for boys #songs,ravi yt ,pop
THE BEST 80S SONGS 💿 #80smusic #popmusic #80s,Creall’s Music Vault,pop
Top Songs Cover HotHit Music Pop Playlist Best Song 🎙✨ 2026,Sweet Tunes,pop
"Top 20 Pop Songs 2026 ♫ Bruno Mars, Lady Gaga, Dua Lipa, Adele, Ed Sheeran, The Weeknd #43",Slow Acoustic,pop
"Spotify Top Pop Hits 2026 🔥 Bruno Mars, Lady Gaga, Taylor Swift, Charlie Puth, Ed Sheeran,The Weeknd",Chill Pop Sunset,pop
adele&#39;s top 10 most streamed songs on spotify #adele #fyp #pop #music #viral #shorts,Melody Metrics,pop
The 10 Best Songs of the 2010s,Vibe Factory,pop
Best Summer Songs 2026 🍒 Summer Hits 2026 Playlist,Just Chillin',pop
2021 Top 10 Hit Songs,Max Grabel,pop
Try not to sing! Top Hits of 2010s,Arc North Daily,pop
4K | Top Hits 2010–2020 | Best Songs of the Decade | NO ADS,Queenna Zahiya,pop
1 A.M Study Session 📚 [lofi hip hop],Lofi Girl,lofi
Best of lofi hip hop 2021 ✨ [beats to relax/study to],Lofi Girl,lofi
"Lofi Beats – Chill Vibes for Study, Relax, &amp; Focus",Lofi Drift,lofi
bliss - lofi hip hop beat (FREE FOR PROFIT USE),Prod. Riddiman,lofi
Chill Lofi Beats Mix [chill lo-fi hip hop beats/Study &amp; Relax Music] Vol. 32,Art Is Sound,lofi
lofi hip hop mix 📚 beats to relax/study to (Part 1),Lofi Girl,lofi
lofi hip hop radio 📚 beats to relax/study to,Lofi Girl,lofi
2 A.M Study Session 📚 [lofi hip hop],Lofi Girl,lofi
Bedtime Lofi 💤  8 hours of relaxing beats to sleep to,Lofi Girl,lofi
Chill Lofi Mix [chill lo-fi hip hop beats],Settle,lofi
Lofi Work Space 📂 Deep Focus Study/Work Concentration [chill lo-fi hip hop beats],𝗖𝗛𝗜𝗟𝗟 𝗩𝗜𝗟𝗟𝗔𝗚𝗘,lofi
Study Lofi 📚 Lofi Deep Focus Study Work Concentration 🌿 Study beats,Little Soul,lofi
Mind Relax Lofi Mashup | Mind Relaxing Songs | Mind Relax Lofi Song | Slowed And Reverb | Lofi Songs,ɴɪᴛɪɴ_ᴛᴏᴍᴜ_ᴘᴀʏᴀʟ,lofi
"Seaside Coffee 🍵 Feel your peace &amp; Relax 🌱 Coffee Morning | Lofi Hip Hop - Chill to work, relax",Healing Me,lofi
"Less talk....  more action. / Lo-fi for study, work ( with Rain sounds)",chill chill journal,lofi
Productivity Boost 📖 Lofi Study Music for Deep Concentration ~ Lofi Study Room [study/work/relax],Lofi Study Room,lofi
code-fi / lofi beats to code/relax to,The AMP Channel,lofi
The silence of the night makes you stronger.｜Japanese Lo-fi Night 📼 Chill Beats for Study &amp; Focus,LoFi Tokyo,lofi
Breathe 🍀 Lofi Deep Focus 🌳 Study/Calm/Heal [ Lofi Hip Hop - Lofi Chill ],LOFI KEEP YOU SAFE,lofi
(FREE) Lofi Type Beat - Wild Roses,Cassettes And Cigarettes,lofi
Chill Focus Music [lo-fi hip hop beats],Settle,lofi
90&#39;s Chill Lofi ☕️ Study Music Lofi Rain Chillhop Beats ☔️ Lofi Rain Playlist,The Japanese Town,lofi
Upbeat Lofi Mix ⚡️ Beats to Boost Your Energy &amp; Focus,Lofi Shop 24h,lofi
Dreamy Lofi Rain 🌧️ Rain &amp; Lofi for Insomnia Relief,lofi night calm,lofi
Sweet Dreams Lofi 💤  8 hours of relaxing beats to sleep to,Lofi Girl,lofi
Lofi Beats Live - 24/7 🌙  |  Relaxing &amp; Uplifting 🎧 [[Lofi Chill Hop Mix]] 🎶 No extra ads!,Lemon Lofi,lofi
Lofi Spring Beats [chill lo-fi hop hop beats],Settle,lofi
Summer Lofi Chill ☀️ Ocean Coffee for Relaxing Morning 🌊 Lofi Hip Hop for Study &amp; Relax,Little Lofi Cute,lofi
Best of lofi hip hop 2022 🎆 - beats to relax/study to,Lofi Girl,lofi
Late Night - (EA7) *SAD* CHILL Lofi Piano Beat,Rude Boy,lofi
jazz lofi mix [3 hours] 🎷 relaxing music to chill/study to,Lofi Girl,lofi
chill music for work 💼 lofi beats to stay productive,Lofi Girl,lofi
12 A.M Study Session 📚 [lofi hip hop],Lofi Girl,lofi
(FREE FOR PROFIT) Soul Boom Bap Chill Jazz x LoFi Type Beat - &quot;Overthink&quot;,Rama Low,lofi
Chill Summer Lofi [chill lo-fi hip hop beats],Settle,lofi
"Christian Lofi Playlist - To relax, chill, study, or pray to. 📚",REDEFINED TV,lofi
Lofi Zen – Rainy Night at the Neon Ramen Bar | Cyberpunk Chill for Focus and Relaxation | 4K,Lofi Zen,lofi
Lofi Zen - Rainy Night Lofi Beats from a Trailer Retreat Above Neon Lights | For Relaxation | 4K,Lofi Zen,lofi
Coastal Lofi Sound 🎧 Beach Coffee for Summer Relaxing 🌊 Lofi Hip Hop for Study &amp; Relax,Little Lofi Cute,lofi
Studio Ghibli but it&#39;s lofi beats,bits & hits,lofi
Work Lofi for Productivity &amp; Focus - Smooth lofi hiphop/ neo soul beats,A Lofi Soul,lofi
10 Hours of Lofi Video Game Beats,Helynt,lofi
"High-Rise Urban Studio | Neo Soul, R&amp;B Lofi Chill Mix 🌇",CraftCozy Room,lofi
High-Energy Lofi Hip Hop Beats 🏋️‍♂️  for a Powerful Workout,Lofi & Chill Beats,lofi
Relaxing Pokémon Lo-fi Music Compilation,Matcha,lofi
"Just relax 🍀 stop overthinking, calm your anxiety - lofi hip hop mix - aesthetic lofi",Aesthetic Lofi,lofi
The Witcher but it&#39;s lofi beats,bits & hits,lofi
"Jazz Beats [lofi jazz, jazzhop, lo-fi hip hop]",Settle,lofi
Best of lofi 2018 🎶 beats to chill/study to,Lofi Girl,lofi
Peaceful Focus Flow🌱2-Hr R&amp;B Lo-Fi Beats for Work &amp; Study,SoulFi Room ,lofi
TUM SE HI : jab we met | Mohit Chauhan | slowed-reverb | LO-FI VERSION | Sleepy head #trending,Sleepy head,lofi
Main Kabhi Bhoolunga Na Tujhe || Saudebaazi ft. Aakrosh [Lofi + Slowed + Reverb ] Aini Lofi,Aini Lofi,lofi
If Wiz Khalifa ft Post Malone Made Lofi Hip Hop | Wiz Khalifa ft Post Malone New Song |,Lost in LoFi,lofi
"Calm &amp; Collected✨| Jazzy R&amp;B Trap-Soul Lo-Fi| Deep Focus, Work &amp; Journaling",SoulFi Room ,lofi
Why the rush? - lo-fi beats for work/study / cat jazz,chill chill journal,lofi
remember when lofi hip-hop was smooth like this.,the bootleg boy 2,lofi
Mind Relax Lofi Song | Mind Relax Lofi Mashup | Mind Fresh Lofi Songs | Slowed and Reverb,RP CRAZY CREATOR ,lofi
"You’re not failing. You’re still learning. / Cozy Winter Lo-fi Jazz for Study, Focus",chill chill journal,lofi
"Elevating Lofi - Upbeat Jams To Ease Your Day [rnb, lofi hip hop, neo soul]",A Lofi Soul,lofi
"I will persist until success.  / Jazzy Lo-fi Beats for Study, Focus",chill chill journal,lofi
Restful Holidays ☀️ [summer lofi],Lofi Girl,lofi
Morning Energy Boost 🚀 (Upbeat Lofi to Wake Up Fast),Lofi Shop 24h,lofi
Lofi Summer Vibes 🌊 Seaside Coffee &amp; Relaxing Lofi for a Sense of Peace ☕ Hip Hop Beats,Little Lofi Cute,lofi
Lo-fi Music for Calm and Relax | 2 Hours Chill Lo-fi Hip Hop Beats | Café Ambience,KATCH Music Cafe,lofi
Chillhop Plant Café 🪴 [lofi beats / chillhop classics],Chillhop Music,lofi
study with me [pomodoro] 📚 3 hours of lofi focus music,Lofi Girl,lofi
📻 90s LoFi Vibes - Chill-hop Mix to Study📚 | Work | Listen All Day🎧 | Relax,LoFi Tunes Escapes,lofi
☀️ Chillhop Essentials · Summer 2026 [chill beats / lofi hip hop mix],Chillhop Music,lofi
If Mac Miller made lofi hip hop (6 Hours Mix),jeez,lofi
Morning Coffee ☕️ [lofi hip hop],Lofi Girl,lofi
Iced Oolong Tea.,Loaf.,lofi
Post Malone ft Wiz Khalifa - Lofi Hip Hop - Fanmade New Track #4,Drift Into LoFi,lofi
Chill Lofi Mix | Vol. 2 [chill lo-fi hip hop beats],Settle,lofi
remember when lofi hip-hop was chill like this.,the bootleg boy 2,lofi
cozy spring lofi 🌸 chill music to study &amp; relax to,Lofi Girl,lofi
"Late Night Chill Lofi 🌙 Study, Relax, and Unwind",Lofi Tone Art,lofi
1 Hour of Night Hindi Lofi Songs To \Chill \Relax \Refreshing,viral vicky vlogs ,lofi
Chill Lofi Music [chill lo-fi hip hop beats],Settle,lofi
Viral Chill Songs Playlist 2025 💿 |Midnight Vibes| Non-Stop Trending Lofi + Bollywood Mix|[Part-3]| ,Hix,lofi
Night lofi playlist • lofi music | chill beats to relax/study to,HITO,lofi
Viral Chill Songs Playlist 2025 💿 | Non-Stop Trending Lofi + Bollywood Mix | Part 1,𝐿𝒾𝓍 ,lofi
If The Weeknd made lofi hip hop radio,Ivy Station Records,lofi
"Best of Bollywood Hindi lofi / chill mix playlist | 1 hour non-stop to relax, drive, study, sleep 💙🎵",aMeth Music,lofi
old songs but it&#39;s lofi remix,Lo-fi Music,lofi
𝙻𝚘𝚏𝚒 𝚁𝚘𝚘𝚖 / 𝙶𝚞𝚒𝚝𝚊𝚛 𝙻𝚘𝚏𝚒 / 𝙲𝚊𝚏𝚎 𝙼𝚞𝚜𝚒𝚌 / 𝙴𝚊𝚜𝚢 𝚕𝚒𝚜𝚝𝚎𝚗𝚒𝚗𝚐 / 𝙱𝙶𝙼 / 𝙻𝚘𝚏𝚒 𝙼𝚞𝚜𝚒𝚌 / 𝚅𝚎𝚛.𝟾,Myour Music,lofi
Chill Songs Vol.02 | Cozy &amp; Relaxing Music for a Peaceful Day,MocktailMusic,lofi
winter lofi mix [3 hours] ❄️ relaxing music to chill/study to,Lofi Girl,lofi
Lofi Zen – Nestled Above the City – Rain and Lo-fi Relaxation | Peaceful Urban Ambience | 4K,Lofi Zen,lofi
Morning Calm 🌿 Soft Lofi Beats from a Peaceful Balcon,Lofi Tone Art,lofi
Waffle’s Forest Book Nook 📚 Soft Lofi to Escape With#lofihiphop #chillmusic #coffeemusic #studymusic,Otterspace Lofi,lofi
lord of the rings lofi – beats to chill/explore middle-earth to🌳,Chill Astronaut,lofi
"lofi sleep, lo-fi rain 💤 8 hours mix 😴  beats to sleep/chill/relax to - music for insomnia &amp; anxiety",Sleep Tales,lofi
1 Hour - Relax &amp; study with me Lofi | Tunes of Capy #timer  #1hour #1hourloop #lofi #relaxing #calm,Chill Pills Studio,lofi
Lofi Chill Mix 🌃 Retro Rooftop Ambience in Tokyo | Relaxing Beats for Work &amp; Focus,Lofi Tokyo Dreams,lofi
"Quiet 🌤️ Lofi Keep You Safe 🍃 Serenity to Deep focus work, relax [ Lofi hip hop - Lofi Summer ]",LOFI KEEP YOU SAFE,lofi
Background Music [chill lofi hip hop beats],Settle,lofi
"Lofi Relax 🍃 Lofi Hip Hop | Calming Music 🎶 Deep Focus, Relaxing Music",Chill Melodies,lofi
4 HOURS STUDY GIRL - Cozy lofi music and rain in background,Althea Gianera,lofi
Study With Me 📚 Pomodoro,Lofi Girl,lofi
1 Hour Of Pure Lofi | Metro Version | Arijit Singh lofi To Travel/Study/Drive/Chill/Relaxing/Peace,One lofi,lofi
Twilight Coffee Road ☕ Lofi Songs For A Quiet Mind 🌇 Lofi Chill ~Cafe Beats For Study / Work / Relax,W I N D,lofi
30 minutes English x Hindi lofi  | Study chill | Ep 2 Of Relaxing Mashups,SH Lofi,lofi
"Cozy Library Coffee Shop Lofi ☕ — Deep Focus to Work, Study &amp; Relax | Lofi Music",Kodi Lofi,lofi
lofi hip hop mix 📚 beats to relax/study to (Part 2),Lofi Girl,lofi
Chill Work Music 📚 Lofi Deep Focus Work/Study Concentration [chill lo-fi hip hop beats],𝗖𝗛𝗜𝗟𝗟 𝗩𝗜𝗟𝗟𝗔𝗚𝗘,lofi
Best of Arijit Singh| sad/study chill/Relaxing | SH Lofi,SH Lofi,lofi
"No AI Lofi Music for Study, Relax, Work and Focus · Chill with Us by the Lake",Yellow Cherry Jam,lofi
No AI Lofi Music | Work &amp; Study with Good Company,Yellow Cherry Jam,lofi
"3 Hour Christian Lofi Worship Music | Prayer, Rest, Study &amp; Sleep music",REDEFINED TV,lofi
3-HR STUDY WITH ME 🎧 Calm Lofi Beats in a Rainy Afternoon ☕️ [Pomodoro 50/10] Music for Study,tani study,lofi
4 Hours Deep Focus | 50/10 Pomodoro (Lofi Study and Work),Mr. Tiny's Studio,lofi
2-HOUR STUDY WITH ME 🍂 / calm lofi / Golden Morning in Tokyo / Pomodoro 25-5,Abao in Tokyo,lofi
Night Study Lofi😇 Feel this Mashup💞 song (slowed+reverb)#lofi #mashup #viralvideo,Uday shorts,lofi
Study Music Lofi Songs Mashup || New Hindi Lofi //By- Dhanraj_lofi_mashup,Dhanraj lofi mashup,lofi
"ＳＴＵＤＹ　ＴＩＭＥ ✍ Lofi Hip Hop | Study Music ✍ Lofi study, Relaxing Music",Mimi Lofi Chill,lofi
"Daily Work Space 📚 Deep Focus Lofi for work, study and concentration | lofi hip hop mix",Daily LoFi Radio,lofi
1 P.M Study Session 🎹 [calm piano],Lofi Girl,lofi
"elevation worship but it&#39;s lofi | christian lofi playlist for study, prayer, work or chill",LowlyFM,lofi
Lofi Morning Vibes - Chill Beats for a Fresh Start | No Ads | Lofi by EchoLofi,EchoLofi,lofi
5-HOUR STUDY WITH ME ☕️ Lofi Music for Study &amp; Best Focus | 50/10 Pomodoro,tani study,lofi
"study with me (matcha) - 30 minute, 10 minute break, with lofi focus music - 3 - hour pomodoro",PomodoroCrew,lofi
